chara_name,aside1_name,aside1_desc,aside1_stat_template,aside1_stat_value,aside1_icon,aside2_name,aside2_desc,aside2_stat_template,aside2_stat_value,aside2_icon,aside3_name,aside3_desc,aside3_stat_template,aside3_stat_value,aside_3_global,aside_3_global_value,aside3_icon,aside3_target_tags,aside3_effect_tags
가비아,,,,,,,,,,,,,,,,,,,
그윈,전설의 레전드 나침반,"착용자의 최대 HP, 물리 방어력, 마법 방어력, 치명타 저항, 치명 피해 저항이 증가한다.",최대 HP 증가 : {0}%\n물리 방어력 증가 : {1}%\n마법 방어력 증가 : {2}%\n치명타 저항 증가 : {3}%\n치명 피해 저항 증가 : {4}%,"6
6
6
6
6",어사이드_그윈_1.webp,신나는 모험이다!,"일반 공격과 스킬의 사거리가 증가한다.<br>저학년 스킬 사용 시 자신에게 눈속임을 건다. 서늘한 안개 영역 위 아군의 스킬 피해량이 증가한다.<br>
고학년 스킬의 얼음길 지속시간이 증가하고 더 많은 펭귄을 소환한다. 얼음길 위 적들의 공격 및 이동 속도를 감소시킨다.<br>
눈속임 : 적의 타겟 대상이 되지 않는다. 아군이 없을 때는 발동하지 않는다.",눈속임 지속시간 : {0}초\n스킬 피해량 증가 : {1}%\n스킬 피해량 증가 지속시간 : {2}초\n얼음길 지속시간 : {3}초\n펭귄 소환 : {4}마리\n공격 속도 감소 : {5}%\n이동 속도 감소 : {6}%,"3
22
10
16
20
60
30",어사이드_그윈_2.webp,정복 인증샷,모든 아군이 적에게 받는 피해량을 감소시킨다.,받는 피해량 감소 : {0}%,10,"체력,마법 방어력",,어사이드_그윈_3.webp,전체,받는 피해량 감소
나이아,너의 잔소리만 들려,"착용자의 최대 HP, 물리 방어력, 마법 방어력, 치명타 저항, 치명타 피해 저항이 증가한다.",최대 HP 증가 : {0}%\n물리 방어력 증가 : {1}%\n마법 방어력 증가 : {2}%\n치명타 저항 증가 : {3}%\n치명타 피해 저항 증가 : {4}%,"6
6
6
6
6",어사이드_나이아_1.webp,뽀득뽀득 씻어요,"기절과 넉백에 면역이 되고, 고학년 스킬을 2번 사용한다.<br>
기절 : 행동불가 상태가 된다.<br>
넉백 : 행동불가 상태로 뒤로 밀린다.",,,어사이드_나이아_2.webp,물이 전하는 메시지,"모든 아군이 적에게 주는 피해량이 증가하고, 모든 아군이 적에게 받는 피해량이 감소한다.",피해량 증가 : {0}%\n받는 피해량 감소 : {1}%,"15
7.5","치명 피해,치명타 저항",,어사이드_나이아_3.webp,전체,"받는 피해량 감소, 주는 피해량 증가"
네르,여왕 특별 보좌관,"착용자의 최대 HP, 물리 방어력, 마법 방어력, 치명타 저항, 치명타 피해 저항이 증가한다.",최대 HP 증가 : {0}%\n물리 방어력 증가 : {1}%\n마법 방어력 증가 : {2}%\n치명타 저항 증가 : {3}%\n치명 피해 저항 증가 : {4}%,"6
6
6
6
6",어사이드_네르_1.webp,사제장의 무적권,"공격 속도가 증가하고, 적에게 받는 피해량이 감소한다. 기본 공격 적중 시 HP를 회복한다. 저학년 스킬, 고학년 스킬 사용 시 무적 상태가 되고, 스킬 종료 시 무적을 해제한다.
<br>무적 : 모든 피해 및 디버프에 면역이 된다.",공격 속도 증가 : {0}%\n받는 피해량 감소 : {1}%\nHP 회복 : {2}%,"4
15
3",어사이드_네르_2.webp,세계수의 이름으로!,"모든 아군이 적에게 주는 피해량이 증가하고, 모든 아군이 적에게 받는 피해량이 감소한다.",피해량 증가 : {0}%\n받는 피해량 감소 : {1}%,"15
7.5","체력,마법 방어력",,어사이드_네르_3.webp,전체,"받는 피해량 감소, 주는 피해량 증가"
네르(빡침),우리 여왕님,"착용자의 최대 HP, 물리 공격력, 치명타, 치명 피해가 증가한다.",최대 HP 증가 : {0}%\n물리 공격력 증가 : {1}%\n치명타 증가 : {2}%\n치명 피해 증가 : {3}%,"6
6
6
6",어사이드_네르(빡침)_1.webp,가끔은 그리운 순간,"활발 성격이 헌신으로 승격된다. 상성이 유리한 성격에게 주는 피해량이 50% 추가되고, 헌신과 활발 성격 아군의 최대 HP, 물리 공격력, 기본 SP 회복량을 증가시킨다.<br>
<br>
성전의 휘장이 유지되는 동안, 매초 모든 아군의 공격 속도를 증가시키며 일정 시간마다 벼락을 내려 무작위 적 2명에게 물리 피해를 입히고 받는 피해량을 증가시킨다.<br>",최대 HP 증가 : {0}%\n물리 공격력 증가 : {1}%\n기본 SP 회복량 증가 : {2}%\n공격 속도 증가 : {3}%\n공격 속도 증가 지속시간 : {4}초\n물리 피해 : {5}%\n받는 피해량 증가 : {6}%\n받는 피해량 증가 지속시간 : {7}초,"20
10
15
50
3
250
40
3",어사이드_네르(빡침)_2.webp,새로이 쌓아갈 추억,"모든 아군이 적에게 주는 피해량이 증가하고,<br>모든 아군이 적에게 받는 피해량이 감소한다.",피해량 증가 : {0}%\n받는 피해량 감소 : {1}%,"22.5
6","물리 공격력,물리 방어력",,어사이드_네르(빡침)_3.webp,전체,"받는 피해량 감소, 주는 피해량 증가"
네티,꿈의 발굴 도구,"착용자의 최대 HP, 물리 방어력, 마법 방어력, 치명타 저항, 치명 피해 저항이 증가한다.",최대 HP 증가 : {0}%\n물리 방어력 증가 : {1}%\n마법 방어력 증가 : {2}%\n치명타 저항 증가 : {3}%\n치명 피해 저항 증가 : {4}%,"6
6
6
6
6",어사이드_네티_1.webp,발굴 천재 네티,"강화 공격 시 획득하는 광물 효과를 무작위 아군 4명에게 추가로 부여한다.<br>
강화 공격 드릴로 공격할 때마다 집착 상태 지속시간이 연장된다.<br>
집착 : 네티가 기본 공격 대신 강화 공격을 사용한다.",집착 지속시간 연장 : {0}초\n집착 최대 연장 횟수 : {1}회,"1
10",어사이드_네티_2.webp,너로 정했다! 초정밀 탐사!,모든 아군이 적에게 받는 피해량을 감소시킨다.,받는 피해량 감소 : {0}%,10,"치명 피해,마법 방어력",,어사이드_네티_3.webp,전체,받는 피해량 감소
다야,다이아의 반짝임,"착용자의 최대 HP, 마법 공격력, 치명타, 치명 피해가 증가한다.",최대 HP 증가 : {0}%\n마법 공격력 증가 : {1}%\n치명타 증가 : {2}%\n치명 피해 증가 : {3}%,"6
6
6
6",어사이드_다야_1.webp,다이아..츄!,"공격 속도와 일반 공격의 피해량이 증가한다. 고학년 스킬의 재사용 대기시간이 감소하고, 기절이 추가된다.<br>기절 : 행동불가 상태가 된다.",공격 속도 증가 : {0}%\n피해량 증가 : {1}%\n재사용 대기시간 감소 : {2}초\n기절 지속시간 : {3}초,"40
75
10
2.5",어사이드_다야_2.webp,반지 원정대,모든 아군이 적에게 주는 피해량을 증가시킨다.,피해량 증가 : {0}%,22.5,"마법 공격력,치명타",,어사이드_다야_3.webp,전체,주는 피해량 증가
다야(퓨어샤인),기다림 끝에 도착한 답장,"착용자의 최대 HP, 물리 방어력, 마법 방어력, 치명타 저항, 치명 피해 저항이 증가한다.",최대 HP 증가 : {0}%\n물리 방어력 증가 : {1}%\n마법 방어력 증가 : {2}%\n치명타 저항 증가 : {3}%\n치명 피해 저항 증가 : {4}%,"6
6
6
6
6",어사이드_다야(퓨어샤인)_1.webp,마법 소녀는 편지 쓰는 중,"웨이브당 한번 HP가 20% 미만이 될 경우 자신의 HP를 회복한다.<br>
일정 시간마다 아군이 직접 피해를 10회 받으면, 스타☆샤인을 발산한다.<br>
스타☆샤인은 주변 아군의 HP를 회복시키고, 자신을 포함한 양옆 범위 내 아군의 받는 피해량을 감소시킨다.<br>
직접 피해 : 상태이상 피해, 반사 피해, 저주 피해, 분산 피해를 제외한 직접 공격에 의한 피해를 의미한다.<br>",자신 HP 회복 : {0}%\n스타☆샤인 HP 회복 : {1}%\n받는 피해량 감소 : {2}%\n받는 피해량 감소 지속시간 : {3}%,"70
20
35
10",어사이드_다야(퓨어샤인)_2.webp,나의 아름다운 장미꽃에게,중열 아군이 적에게 받는 피해량이 감소한다.,받는 피해량 감소 : {0}%,18,"체력,마법 방어력",,어사이드_다야(퓨어샤인)_3.webp,중열,받는 피해량 감소
델리아,탐험대장 배지,"착용한 사도의 최대 HP, 물리 공격력, 치명타, 치명 피해가 증가한다.",최대 HP 증가 : {0}%\n물리 공격력 증가 : {1}%\n치명타 증가 : {2}%\n치명 피해 증가 : {3}%,"6
6
6
6",어사이드_델리아_1.webp,민트 초코 펭좋아,"일반 공격 10회 적중 시 펭귄이 날아와 적에게 물리 피해를 입힌다.<br>
웨이브 당 한 번 자신의 HP가 50% 미만이 될 경우 모든 디버프를 해제하고, 이글루로 도망친다. 주변 아군의 받는 피해량을 감소시키고, 일정 시간 동안 자신의 모든 HP를 회복한다.<br>
도망친 동안에는 적의 타겟 대상이 되지 않고, 무적 상태가 된다.<br>
회복을 마치면 이글루에서 나와 배치기로 적에게 물리 피해를 입힌다.<br>
무적 : 모든 피해 및 디버프에 면역이 된다.",펭귄 물리 피해 : {0}%\n받는 피해량 감소 : {1}%\n받는 피해량 감소 지속시간 : {2}초\n물리 피해 : {3}%,"300
50
20
2000",어사이드_델리아_2.webp,일어나! 탐험 가야지!,"전열 아군이 적에게 주는 피해량이 증가하며, 전열 아군이 적에게 받는 피해량이 감소한다.",피해량 증가 : {0}%\n받는 피해량 감소 : {1}%,"19.5
9.75","물리 공격력,치명타",,어사이드_델리아_3.webp,전열,"받는 피해량 감소, 주는 피해량 증가"
디아나,아기 사슴의 응원?,"착용자의 최대 HP, 물리 방어력, 마법 방어력, 치명타 저항, 치명 피해 저항이 증가한다.",최대 HP 증가 : {0}%\n물리 방어력 증가 : {1}%\n마법 방어력 증가 : {2}%\n치명타 저항 증가 : {3}%\n치명 피해 저항 증가 : {4}%,"6
6
6
6
6",어사이드_디아나_1.webp,대단한 치료법,고학년 스킬 사용 시 마지막 공격에 적의 SP를 감소시키고 기절을 건다.<br>기절 : 행동불가 상태가 된다.,SP 감소량 : {0}\n기절 지속시간 : {1}초,"100
2",어사이드_디아나_2.webp,자연의 힘,"중열 아군이 적에게 주는 피해량이 증가하며, 중열 아군이 적에게 받는 피해량이 감소한다.",피해량 증가: {0}%\n받는 피해량 감소 : {1}%,"19.5
9.75","마법 공격력,치명 피해 저항",,어사이드_디아나_3.webp,중열,"받는 피해량 감소, 주는 피해량 증가"
디아나(왕년),휴식이 필요해,"착용자의 최대 HP, 물리 공격력, 치명타, 치명 피해가 증가한다.",최대 HP 증가 : {0}%\n물리 공격력 증가 : {1}%\n치명타 증가 : {2}%\n치명 피해 증가 : {3}%,"6
6
6
6",어사이드_디아나(왕년)_1.webp,"힘, 그 자체","넉백에 면역이 된다.<br>기본 공격 적중 시 공격한 적에게 추가로 물리 피해를 입히고, 받는 피해량을 증가시킨다.<br>백수공권 상태 획득 시 일정 시간 동안 최대 HP와 피해량이 증가한다.<br>넉백 : 행동불가 상태로 뒤로 밀린다.<br>백수공권 : 기본 공격이 변경되며, 매초 잃은 HP의 5%를 회복한다. SP 회복량 증가 및 추가 SP 회복 효과를 받지 않는다.","추가 물리 피해 : {0}%\n백수공권 시 총 추가 물리 피해 : {1}%\n받는 피해량 증가 : {2}%\n받는 피해량 증가 지속시간 : {3}초\n최대 HP 증가 : {4}%\n피해량 증가 : {5}%\n최대 HP, 피해량 증가 지속시간 : {6}초","300
400
30
4
30
60
12",어사이드_디아나(왕년)_2.webp,나는 천벌이다,모든 아군의 스킬 피해량을 증가시킨다.,스킬 피해량 증가 : {0}%,33,"물리 공격력,치명타 저항",,어사이드_디아나(왕년)_3.webp,전체,스킬 피해량 증가
라이카,효율 만땅 배터리,"착용자의 최대 HP, 물리 공격력, 치명타, 치명 피해가 증가한다.",최대 HP 증가 : {0}%\n물리 공격력 증가 : {1}%\n치명타 증가 : {2}%\n치명 피해 증가 : {3}%,"6
6
6
6",어사이드_라이카_1.webp,번개 펀치,"감전 효과로 받는 공격 속도 감소에 면역이 된다.<br>급속충전! 발동 시, 무작위 적들에게 번개 주먹이 5회 떨어져 물리 피해를 입히고, 적중 시 고학년 스킬 재사용 대기시간이 감소한다. 감전에 걸려있는 적에게 번개 주먹이 적중하면, 번개가 떨어져 물리 피해를 입히고, 기절을 건다.<br>감전 : 공격 및 이동속도가 감소한다.<br>기절 : 행동불가 상태가 된다.",번개 주먹 총 물리 피해 : {0}%\n재사용 대기시간 감소 : {1}초\n번개 물리 피해 : {2}%\n기절 지속시간 : {3}초,"1750
1
200
2.5",어사이드_라이카_2.webp,찌릿 시그널,"전열 아군이 적에게 주는 피해량을 증가시키고, 전열 아군이 적에게 받는 피해량을 감소시킨다.",피해량 증가 : {0}%\n받는 피해량 감소 : {1}%,"19.5
9.75","물리 공격력,치명 피해 저항",,어사이드_라이카_3.webp,전열,"받는 피해량 감소, 주는 피해량 증가"
란,아기 늑대의 기억,"착용자의 최대 HP, 마법 공격력, 치명타, 치명 피해가 증가한다.",최대 HP 증가 : {0}%\n마법 공격력 증가 : {1}%\n치명타 증가 : {2}%\n치명 피해 증가 : {3}%,"6
6
6
6",어사이드_란_1.webp,늑대 야수의 발톱,"기본 공격 적중 시 늑대의 발톱 효과가 발동해 적들에게 범위 마법 피해를 입히고, 쓰라림을 건다. 강화 공격 적중 시 날선 늑대의 발톱 효과가 발동해 적들에게 범위 마법 피해를 입히고, 일정 시간동안 란의 공포 효과를 부여한다. 란의 공포에 걸린 적에게 란이 직접 피해를 입히면 고학년 스킬의 재사용 대기시간이 감소한다.<br>쓰라림 : 매 초 피해를 입으며 회복량이 감소한다.<br>직접 피해 : 상태이상 피해, 반사 피해, 저주 피해, 분산 피해를 제외한 직접 공격에 의한 피해를 의미한다.",늑대의 발톱 재사용 대기시간 : {0}초\n늑대의 발톱 마법 피해 : {1}%\n쓰라림 지속 시간 : {2}초\n날선 늑대의 발톱 재사용 대기시간 : {3}초\n날선 늑대의 발톱 마법 피해 : {4}%\n란의 공포 지속 시간 : {5}초\n재사용 대기시간 감소 : {6}초,"2
250
3
2
400
4
1",어사이드_란_2.webp,란과 벗님들,"모든 아군이 적에게 주는 피해량을 증가시키며, 모든 아군이 적에게 받는 피해량을 감소시킨다.",피해량 증가: {0}%\n받는 피해량 감소 : {1}%,"15
7.5","체력,마법 방어력",,어사이드_란_3.webp,전체,"받는 피해량 감소, 주는 피해량 증가"
레비,,,,,어사이드_레비_1.webp,,,,,어사이드_레비_2.webp,,,,,,,어사이드_레비_3.webp,,
레이지,,,,,어사이드_레이지_1.webp,,,,,어사이드_레이지_2.webp,,,,,,,어사이드_레이지_3.webp,,
레테,,,,,어사이드_레테_1.webp,,,,,어사이드_레테_2.webp,,,,,,,어사이드_레테_3.webp,,
로네,,,,,어사이드_로네_1.webp,,,,,어사이드_로네_2.webp,,,,,,,어사이드_로네_3.webp,,
로네(시장),돈까스 생각,"착용자의 최대 HP, 물리 공격력, 치명타, 치명 피해가 증가한다.",최대 HP 증가 : {0}%\n물리 공격력 증가 : {1}%\n치명타 증가 : {2}%\n치명 피해 증가 : {3}%,"6
6
6
6",어사이드_로네(시장)_1.webp,로네표 리더십,"적에게 받는 피해량이 감소한다.<br>저학년 스킬 사용 시, 일정 확률로 드론이 한 번 더 소환된다.<br>고학년 스킬 사용 시, 자신의 피해량이 증가하고 군중이 지나간 후 되돌아온다.",받는 피해량 감소 : {0}%\n피해량 증가 : {1}%\n피해량 증가 지속시간 : {2}초,"25
35
12",어사이드_로네(시장)_2.webp,바삭한 꿈을 꾸었습니다,모든 아군이 적에게 주는 피해량을 증가시킨다.,피해량 증가 : {0}%,22.5,"물리 공격력, 치명타 저항",,어사이드_로네(시장)_3.webp,전체,주는 피해량 증가
롤렛,최고의 엔터테인먼트,"착용자의 최대 HP, 마법 공격력, 치명타, 치명 피해가 증가한다.",최대 HP 증가 : {0}%\n마법 공격력 증가 : {1}%\n치명타 증가 : {2}%\n치명 피해 증가 : {3}%,"6
6
6
6",어사이드_롤렛_1.webp,무대를 휘어잡는 일루셔니스트,"스킬 피해량이 증가한다.<br>웨이브 시작 시, 자신의 SP를 회복한다.<br>저학년 스킬이 적중한 적에게 아래의 효과 중 하나를 발동한다.<br>- 무작위 적 2명에게 변이를 건다.<br>- SP를 감소시키고, 기본 SP 회복을 중단시킨다.<br>- 공격력과 공격 속도를 감소시킨다.<br>비둘기 부활 마술을 선보일 때, 자신의 고학년 스킬 대기 시간도 감소한다.<br>변이 : 사물로 변경되며 행동불가 상태가 된다.","스킬 피해량 증가 : {0}%\nSP 회복 : {1}%\n변이 지속시간 : {2}초\nSP 감소량 : {3}\n기본 SP 회복 중단 지속시간 : {4}초\n공격력 감소 : {5}%\n공격 속도 감소 : {6}%\n공격력, 공격 속도 감소 지속시간 : {7}초\n자신 재사용 대기시간 감소 : {8}초","25
100
6
200
10
30
75
10
5",어사이드_롤렛_2.webp,피날레,"후열 아군이 적에게 주는 피해량을 증가시키며, 후열 아군이 적에게 받는 피해량을 감소시킨다.",피해량 증가: {0}%\n받는 피해량 감소 : {1}%,"19.5
9.75","마법 공격력,마법 방어력",,어사이드_롤렛_3.webp,후열,"받는 피해량 감소, 주는 피해량 증가"
루드,근손실 방지,착용자의 최대 HP와 마법 방어력이 증가한다.,최대 HP 증가 : {0}%\n마법 방어력 증가 : {1}%,"12
12",어사이드_루드_1.webp,단백질 보충,"일반 공격 적중 시 적에게 받는 피해량이 감소하고, 고학년 스킬 재사용 대기시간이 감소한다.",받는 피해량 감소 : {0}%\n받는 피해량 감소 지속 시간 : {1}초\n재사용 대기시간 감소 : {2}초,"15
3
1",어사이드_루드_2.webp,크로스핏 선발대,전열 아군의 기본 SP 회복량이 증가한다.,SP 회복량 : {0},4,"치명타,치명 피해 저항",,어사이드_루드_3.webp,전열,기본 SP 회복량 증가
루포,사료스탕스 지식왕,"착용자의 최대 HP, 물리 공격력, 치명타, 치명 피해가 증가한다.",최대 HP 증가 : {0}%\n물리 공격력 증가 : {1}%\n치명타 증가 : {2}%\n치명 피해 증가 : {3}%,"6
6
6
6",어사이드_루포_1.webp,삼총사의 대모험,"티그, 루포, 베니의 일반 공격 피해량과 SP 회복량이 증가하고, 고학년 스킬 재사용 대기시간이 감소한다. 웨이브 시작 시, 자신의 첫 일반 공격은 강화 공격으로 시전된다.",피해량 증가 : {0}%\nSP 회복량 : {1}\n재사용 대기시간 감소 : {2}초,"60
8
8",어사이드_루포_2.webp,최고의 전략가인 것이다!,모든 아군의 공격 속도를 증가시킨다.,공격 속도 증가 : {0}%,16,"체력,물리 방어력",,어사이드_루포_3.webp,전체,공격 속도 증가
리뉴아,멈춰버린 시간,"착용자의 최대 HP, 물리 공격력, 치명타, 치명 피해가 증가한다.",최대 HP 증가 : {0}%\n물리 공격력 증가 : {1}%\n치명타 증가 : {2}%\n치명 피해 증가 : {3}%,"6
6
6
6",어사이드_리뉴아_1.webp,"시공간, 저 너머로!","도발에 면역이 된다.<br>아래 조건 중 하나를 만족할 때마다 가운데에 있는 적에게 미사일을 투하한다.<br>- 시간이 6초~8초 경과할 때<br>- 기절, 변이에 걸릴 때<br>- 단일 타격으로 최대 HP의 7% 이상 직접 피해로 피격될 때<br>미사일은 적들에게 범위 물리 피해를 입히고, 적중 시 고학년 스킬 재사용 대기시간을 증가시킨다. 미사일이 폭발하면 자신의 고학년 스킬 재사용 대기시간이 감소한다.<br>도발 : 도발한 대상을 기본 공격으로 공격한다.<br>기절 : 행동불가 상태가 된다.<br>변이 : 사물로 변경되며 행동불가 상태가 된다.<br>직접 피해 : 상태이상 피해, 반사 피해, 저주 피해, 분산 피해를 제외한 직접 공격에 의한 피해를 의미한다.",미사일 재사용 대기시간 : {0}초\n미사일 물리 피해 : {1}%\n재사용 대기시간 증가 : {2}초\n재사용 대기시간 감소 : {3}초,"2
400
2
2",어사이드_리뉴아_2.webp,우리들의 평화로운 시간,모든 아군이 적에게 주는 피해량을 증가시킨다.,피해량 증가 : {0}%,22.5,"치명타,치명타 저항",,어사이드_리뉴아_3.webp,전체,주는 피해량 증가
리스티,리그 오브 엘프 최강자,"착용자의 최대 HP, 물리 공격력, 치명타, 치명 피해가 증가한다.",최대 HP 증가 : {0}%\n물리 공격력 증가 : {1}%\n치명타 증가 : {2}%\n치명 피해 증가 : {3}%,"6
6
6
6",어사이드_리스티_1.webp,천재 해커의 등장,"강화 공격이 세 번째 공격마다 발동으로 변경된다. 강화 공격 후, 자신의 SP를 회복한다. 고학년 스킬 사용 후, 블럭이 추가로 3개 떨어져 물리 피해를 입히고, 기절을 건다.<br>기절 : 행동불가 상태가 된다.",SP 회복량 : {0}\n블럭당 물리 피해 : {1}%\n기절 지속시간 : {2}초,"40
192
4",어사이드_리스티_2.webp,리스티의 슈퍼 세이브,후열 아군의 SP 회복량을 증가시킨다.,SP 회복량 : {0},4,"치명 피해, 치명 피해 저항",,어사이드_리스티_3.webp,후열,SP 회복량 증가
리온,심판의 시간,"착용자의 최대 HP, 물리 방어력, 마법 방어력, 치명타 저항, 치명 피해 저항이 증가한다.",최대 HP 증가 : {0}%\n물리 방어력 증가 : {1}%\n마법 방어력 증가 : {2}%\n치명타 저항 증가 : {3}%\n치명 피해 저항 증가 : {4}%,"6
6
6
6
6",어사이드_리온_1.webp,히어로의 정의봉,"웨이브 시작 시 일정 시간 동안 받는 일반 공격 피해량이 감소한다.<br>보호막이 부여된 적에게 심판의 망치를 내리쳐 보호막을 파괴한다. 심판의 망치는 적에게 물리 피해를 입히고, 심판을 부여한다.<br>심판 : 대상이 리온에게 주는 피해량이 감소한다.",일반 공격 피해량 감소 : {0}%\n일반 공격 피해량 감소 지속시간 : {1}초\n심판의 망치 재사용 대기시간 : {2}초\n심판의 망치 물리 피해 : {3}%\n심판 지속시간 : {4}초,"50
60
5
900
15",어사이드_리온_2.webp,히어로 꿈나무,모든 아군의 최대 HP가 증가한다.,최대 HP 증가 : {0}%,22,"물리 공격력, 치명타 저항",,어사이드_리온_3.webp,전체,최대 HP 증가
리츠,방랑 무사 리츠,"착용자의 최대 HP, 물리 공격력, 치명타, 치명 피해가 증가한다.",최대 HP 증가 : {0}%\n물리 공격력 증가 : {1}%\n치명타 증가 : {2}%\n치명 피해 증가 : {3}%,"6
6
6
6",어사이드_리츠_1.webp,한 놈만 팬다,"직접 피해로 피격되면 SP를 회복한다. 타겟한 적에게 주는 일반 공격 피해량과 스킬 피해량이 증가한다. 타겟한 적을 제외한, 다른 적에게 받는 피해량이 감소한다.<br>직접 피해 : 상태이상 피해, 반사 피해, 저주 피해, 분산 피해를 제외한 직접 공격에 의한 피해를 의미한다.",SP 회복량 : {0}\n일반 공격 피해량 증가 : {1}%\n스킬 피해량 증가 : {2}%\n받는 피해량 감소 : {3}%,"20
250
500
50",어사이드_리츠_2.webp,은둔고수 영웅전,모든 아군의 치명타 저항과 치명 피해 저항을 증가시킨다.,치명타 저항 증가 : {0}%\n치명 피해 저항 증가 : {1}%,"7.5
7.5","치명타,치명 피해 저항",,어사이드_리츠_3.webp,전체,"치명 피해 저항 증가, 치명타 저항 증가"
리코타,파인애플 피자 화형식,"착용자의 최대 HP, 물리 방어력, 마법 방어력, 치명타 저항, 치명 피해 저항이 증가한다.",최대 HP 증가 : {0}%\n물리 방어력 증가 : {1}%\n마법 방어력 증가 : {2}%\n치명타 저항 증가 : {3}%\n치명 피해 저항 증가 : {4}%,"6
6
6
6
6",어사이드_리코타_1.webp,미식 파티 준비,"저학년 스킬 사용 중, 변이,기절, 넉백, 도발에 면역이 된다.<br>저학년 스킬 사용 후, 퐁듀 분수를 소환한다. 퐁듀 분수는 일정 시간 동안 매초 주변 아군의 SP를 회복시키고 변이와 기절을 해제한다.<br>퐁듀 분수에서 주기적으로 무작위 배틀 아이템이 생성된다.<br>변이 : 사물로 변경되며 행동불가 상태가 된다.<br>기절 : 행동불가 상태가 된다.<br>넉백 : 행동불가 상태로 뒤로 밀린다.<br>도발 : 도발한 대상을 기본 공격으로 공격한다.",SP 회복량 : {0}\n퐁듀 분수 지속시간 : {1}초\n배틀 아이템 생성 주기 : {2}초,"10
5
0.6",어사이드_리코타_2.webp,유미미?미미!,모든 아군이 적에게 주는 피해량이 증가한다. 모든 아군이 적에게 받는 피해량이 감소한다.,피해량 증가 : {0}%\n받는 피해량 감소 : {1}%,"15
7.5","체력,물리 방어력",,어사이드_리코타_3.webp,전체,"받는 피해량 감소, 주는 피해량 증가"
림,아모르 파티,"착용한 사도의 최대 HP, 물리 공격력, 치명타, 치명 피해가 증가한다.",최대 HP 증가 : {0}%\n물리 공격력 증가 : {1}%\n치명타 증가 : {2}%\n치명 피해 증가 : {3}%,"6
6
6
6",어사이드_림_1.webp,회복해버림,"저학년 스킬의 HP 회복 수치가 2배 증가하고, 고학년 스킬 사용 후 공격 속도가 증가한다.",공격 속도 증가 : {0}%\n공격 속도 증가 지속 시간 : {1}초,"60
6",어사이드_림_2.webp,그대들의 눈동자에 치얼스!,모든 아군이 적에게 받는 물리 피해량이 감소한다.,받는 물리 피해량 감소 : {0}%,17,"물리 공격력,치명타",,어사이드_림_3.webp,전체,받는 물리 피해량 감소
림(혼돈),재잘거리는 림,"착용자의 최대 HP, 물리 공격력, 치명타, 치명 피해가 증가한다.",최대 HP 증가 : {0}%\n물리 공격력 증가 : {1}%\n치명타 증가 : {2}%\n치명 피해 증가 : {3}%,"6
6
6
6",어사이드_림(혼돈)_1.webp,잘못 찾아온 손님,"직접 피해로 피격되면 고학년 스킬의 재사용 대기시간이 감소한다. 고학년 스킬 사용 후, 림의 환영이 남은 HP 비율이 가장 낮은 적에게 고학년 스킬을 사용한다. 고학년 스킬로 피격된 적은 공격 대상에서 제외된다.<br>직접 피해 : 상태이상 피해, 반사 피해, 저주 피해, 분산 피해를 제외한 직접 공격에 의한 피해를 의미한다.",재사용 대기시간 감소 : {0}초,1,어사이드_림(혼돈)_2.webp,소천사의 대변인,후열 아군이 적에게 주는 피해량을 증가시킨다.,피해량 증가: {0}%,26,"물리 공격력,물리 방어력",,어사이드_림(혼돈)_3.webp,후열,주는 피해량 증가
마고,,,,,어사이드_마고_1.webp,,,,,어사이드_마고_2.webp,,,,,,,어사이드_마고_3.webp,,
마리,,,,,어사이드_마리_1.webp,,,,,어사이드_마리_2.webp,,,,,,,어사이드_마리_3.webp,,
마에스트로 2호,자가 회복 기능,착용자의 최대 HP가 증가한다.,최대 HP 증가 : {0}%,22.5,어사이드_마에스트로 2호_1.webp,진격 방해 모드,기본 공격 적중 시 공격한 적의 SP를 감소시킨다. 고학년 스킬 사용 후 받는 피해량이 감소한다.,기본 공격 적중 시 SP 감소량 : {0}\n받는 피해량 감소 : {1}%\n받는 피해량 감소 지속 시간 : {2}초,"6
50
8",어사이드_마에스트로 2호_2.webp,방화벽,모든 아군이 적에게 받는 피해량을 감소시킨다.,받는 피해량 감소 : {0}%,8,"물리 공격력,치명타 저항","+124,+120",어사이드_마에스트로 2호_3.webp,전체,받는 피해량 감소
마요,,,,,어사이드_마요_1.webp,,,,,어사이드_마요_2.webp,,,,,,,어사이드_마요_3.webp,,
마요(멋짐),마요꺼임.,"착용자의 최대 HP, 물리 공격력, 치명타, 치명 피해가 증가한다.",최대 HP 증가 : {0}%\n물리 공격력 증가 : {1}%\n치명타 증가 : {2}%\n치명 피해 증가 : {3}%,"6
6
6
6",어사이드_마요(멋짐)_1.webp,훌륭한 수집품임.,"일정 시간마다 아군이 직접 피해를 20회 받으면, 수집품을 뽐내며 모든 아군의 기절을 해제하고 HP를 회복시킨다. 일정 시간 동안 최고로 멋진 요정 상태가 된다.<br>최고로 멋진 요정 상태는 해제할 수 없다.<br>직접 피해 : 상태이상 피해, 반사 피해, 저주 피해, 분산 피해를 제외한 직접 공격에 의한 피해를 의미한다.<br>최고로 멋진 요정 : 일반 공격, 저학년 스킬, 고학년 스킬 적중 시 공격한 적에게 추가로 물리 피해를 입히고, 받는 피해량을 증가시킨다.",HP 회복 : 최대 HP의 {0}%\n최고로 멋진 요정 지속시간 : {1}초\n물리 피해 : {2}%\n받는 피해량 증가 : {3}%\n받는 피해량 증가 지속시간 : {4}초,"25
8
325
35
4",어사이드_마요(멋짐)_2.webp,빨리 나 칭찬해줌.,모든 아군의 스킬 피해량을 증가시킨다.,스킬 피해량 증가 : {0}%,33,"물리 공격력,물리 방어력",,어사이드_마요(멋짐)_3.webp,전체,스킬 피해량 증가
마카샤,궁극의 절구통,"착용자의 최대 HP, 마법 공격력, 치명타, 치명 피해가 증가한다.",최대 HP 증가 : {0}%\n마법 공격력 증가 : {1}%\n치명타 증가 : {2}%\n치명 피해 증가 : {3}%,"6
6
6
6",어사이드_마카샤_1.webp,"절구통, 비상하다","운명의 시계 피해가 증가한다.<br>운명의 시계가 발동하면 대상에게 추가로 기절을 건다.<br>고학년 스킬 사용 시, 마카샤의 집 바바가 지나간 자리에 발자국을 남긴다. 발자국 주변 아군의 HP를 매초 회복시키고, 적의 받는 피해량을 증가시킨다.<br>기절 : 행동불가 상태가 된다.<br>HP 회복 : 최대 HP의 15%",운명의 시계 피해 증가 : {0}%\n운명의 시계 보유 대상 처치 시 피해 증가 : {1}%\n기절 지속시간 : {2}초\n발자국 지속시간 : {3}초\n받는 피해량 증가 : {4}%\n받는 피해량 증가 지속시간 : {5}초,"50
50
4
4
35
6",어사이드_마카샤_2.webp,마음에 쏙 들어,모든 아군이 적에게 주는 피해량이 증가한다. 모든 아군이 적에게 받는 피해량이 감소한다.,피해량 증가 : {0}%\n받는 피해량 감소 : {1}%,"15
7.5","마법 공격력,치명 피해 저항",,어사이드_마카샤_3.webp,전체,"받는 피해량 감소, 주는 피해량 증가"
메죵,,,,,어사이드_메죵_1.webp,,,,,어사이드_메죵_2.webp,,,,,,,어사이드_메죵_3.webp,,
멜루나,플라이 투더 마스,"착용자의 최대 HP, 물리 방어력, 마법 방어력, 치명타 저항, 치명 피해 저항이 증가한다.",최대 HP 증가 : {0}%\n물리 방어력 증가 : {1}%\n마법 방어력 증가 : {2}%\n치명타 저항 증가 : {3}%\n치명 피해 저항 증가 : {4}%,"6
6
6
6
6",어사이드_멜루나_1.webp,멜론 플렉스,"침략 스테이지, 엘리아스 프론티어 보스 스테이지에서 코인을 추가로 획득한다.",침략 스테이지 추가 획득 코인 : {0}\n엘리아스 프론티어 보스 스테이지 추가 획득 코인 : {1},"30
90",어사이드_멜루나_2.webp,멜루나가 쏜다,모든 아군이 적에게 받는 물리 피해량이 감소한다.,받는 물리 피해량 감소 : {0}%,17,"마법 공격력,마법 방어력",,어사이드_멜루나_3.webp,전체,받는 물리 피해량 감소
모모,벚꽃 수리검,"착용자의 최대 HP, 마법 공격력, 치명타, 치명 피해가 증가한다.",최대 HP 증가 : {0}%\n마법 공격력 증가 : {1}%\n치명타 증가 : {2}%\n치명 피해 증가 : {3}%,"6
6
6
6",어사이드_모모_1.webp,눈을 뜬 닌자,"직접 피해로 피격되면 SP를 회복한다.<br>소환수 자폭 피해가 증가한다.<br>고학년 스킬 사용 시 일정 시간 모모가 받는 피해량이 감소한다.<br>직접 피해 : 상태이상 피해, 반사 피해, 저주 피해, 분산 피해를 제외한 직접 공격에 의한 피해를 의미한다.",SP 회복량 : {0}\n소환수 자폭 피해 증가 : {1}%\n받는 피해량 감소 : {2}%\n받는 피해량 감소 지속시간 : {3}초,"8
50
75
3",어사이드_모모_2.webp,모모~합!,모든 아군이 적에게 주는 피해량이 증가한다. 모든 아군이 적에게 받는 피해량이 감소한다.,피해량 증가 : {0}%\n받는 피해량 감소 : {1}%,"15
7.5","마법 공격력,마법 방어력",,어사이드_모모_3.webp,전체,"받는 피해량 감소, 주는 피해량 증가"
뮤트,언젠가 우리,"착용자의 최대 HP, 물리 방어력, 마법 방어력, 치명타 저항, 치명 피해 저항이 증가한다.",최대 HP 증가 : {0}%\n물리 방어력 증가 : {1}%\n마법 방어력 증가 : {2}%\n치명타 저항 증가 : {3}%\n치명 피해 저항 증가 : {4}%,"6
6
6
6
6",어사이드_뮤트_1.webp,실뜨기 전문가,"저학년 스킬로 홀로그램 포위에 걸린 적이 최대 중첩을 보유할 경우, 에러 메시지를 띄워 마법 피해를 입히고 모든 방어력을 감소시킨다.<br>고학년 스킬 사용 후 홀로그램 포위에 걸린 적이 존재할 경우, 모든 아군의 스킬 피해량을 증가시킨다. 홀로그램 포위에 걸린 적의 수가 1명일 경우, 스킬 피해량 증가 수치가 2배 증가한다.<br>홀로그램 포위 : 매초 마법 피해를 입으며, 일정 시간마다 대상이 기본 공격을 실행하면 추가로 마법 피해를 입는다.",마법 피해 : {0}%\n모든 방어력 감소량 : {1}\n모든 방어력 감소 지속시간 : {2}초\n스킬 피해량 증가 : {3}%\n스킬 피해량 증가 지속시간 : {4}초,"2000
3250
7
15
12",어사이드_뮤트_2.webp,뮤트의 뜻대로,모든 아군이 적에게 주는 피해량을 증가시킨다.,피해량 증가 : {0}%,22.5,"마법 공격력,치명타 저항",,어사이드_뮤트_3.webp,전체,주는 피해량 증가
미로,사이드 미로,"착용자의 최대 HP, 물리 방어력, 마법 방어력, 치명타 저항, 치명 피해 저항이 증가한다.",최대 HP 증가 : {0}%\n물리 방어력 증가 : {1}%\n마법 방어력 증가 : {2}%\n치명타 저항 증가 : {3}%\n치명 피해 저항 증가 : {4}%,"6
6
6
6
6",어사이드_미로_1.webp,지켜보기만 하는 건 싫어,매초 HP를 회복한다.<br>웨이브 당 한 번 자신의 HP가 40% 미만이 될 경우 자신에게 보호막을 생성한다.<br>고학년 스킬의 공격 횟수가 2배 증가한다.<br>HP 회복 : 최대 HP의 1%<br>보호막 : 최대 HP의 75%,보호막 지속시간 : {0}초,15,어사이드_미로_2.webp,이젠 내가 지켜줄 거야…!,모든 아군이 적에게 받는 피해량을 감소시킨다.,받는 피해량 감소 : {0}%,10,"체력,마법 방어력",,어사이드_미로_3.webp,전체,받는 피해량 감소
밍스,,,,,어사이드_밍스_1.webp,,,,,어사이드_밍스_2.webp,,,,,,,어사이드_밍스_3.webp,,
바나,,,,,어사이드_바나_1.webp,,,,,어사이드_바나_2.webp,,,,,,,어사이드_바나_3.webp,,
바롱,모두의 사랑꾸러기,"착용자의 최대 HP, 마법 공격력, 치명타, 치명 피해가 증가한다.",최대 HP 증가 : {0}%\n마법 공격력 증가 : {1}%\n치명타 증가 : {2}%\n치명 피해 증가 : {3}%,"6
6
6
6",어사이드_바롱_1.webp,주인님의 시간이다,"웨이브 시작 시, 자신에게 보호막을 생성한다.<br>저학년 스킬 적중 시 아래 효과가 추가된다. 추가 효과는 적중할 때마다 지정된 순서에 따라 변경된다.<br>첫 번째 효과 : 중독을 건다.<br>두 번째 효과 : 기절을 걸고, 일정 시간 동안 자신의 피해량이 증가한다.<br>세 번째 효과 : 자신의 HP를 회복한다.<br>저학년 스킬 타겟 대상에게 달려갈 때 받는 피해량이 감소하고 발자취를 따라 불길한 안개를 생성한다. 불길한 안개 안의 적에게 일정 시간마다 저주를 건다.<br>중독 : 매 초 피해를 입으며 공격력이 감소한다.<br>기절 : 행동불가 상태가 된다.<br>저주 : 대상이 받은 피해량의 일정 비율만큼 무작위 다른 대상에게 마법 피해를 입힌다.<br>",보호막 : 최대 HP의 {0}%\nHP 회복 : 최대 HP의 {1}%\n보호막 지속시간 : {2}초\n중독 지속시간 : {3}초\n기절 지속시간 : {4}초\n피해량 증가 : {5}%\n피해량 증가 지속시간 : {6}초\n받는 피해량 감소 : {7}%\n불길한 안개 지속시간 : {8}초\n저주 지속시간 : {9}초,"75
33
9
6
3
100
9
40
10
3",어사이드_바롱_2.webp,새로운 큰손,"전열 아군이 적에게 주는 피해량을 증가시키고, 전열 아군이 적에게 받는 피해량을 감소시킨다.",피해량 증가 : {0}%\n받는 피해량 감소 : {1}%,"19.5
9.75","치명 피해,마법 방어력",,어사이드_바롱_3.webp,전열,"받는 피해량 감소, 주는 피해량 증가"
바리에,,,,,어사이드_바리에_1.webp,,,,,어사이드_바리에_2.webp,,,,,,,어사이드_바리에_3.webp,,
버터,첫 칭구 버프!,"착용자의 최대 HP, 물리 공격력, 치명타, 치명 피해가 증가한다.",최대 HP 증가 : {0}%\n물리 공격력 증가 : {1}%\n치명타 증가 : {2}%\n치명 피해 증가 : {3}%,"6
6
6
6",어사이드_버터_1.webp,새쭁에 KIJUL...,고학년 스킬 사용 시 적에게 기절을 건다. 고학년 스킬을 2번 사용한다.<br>기절 : 행동불가 상태가 된다.,기절 지속시간 : {0}초,3,어사이드_버터_2.webp,와아! 만반잘부!,모든 아군의 치명타와 치명 피해를 증가시킨다.,치명타 증가 : {0}%\n치명 피해 증가 : {1}%,"7.5
7.5","물리 공격력,치명타",,어사이드_버터_3.webp,전체,"치명 피해 증가, 치명타 증가"
베니,꿀꿀허니,"착용자의 최대 HP, 물리 방어력, 마법 방어력, 치명타 저항, 치명 피해 저항이 증가한다.",최대 HP 증가 : {0}%\n물리 방어력 증가 : {1}%\n마법 방어력 증가 : {2}%\n치명타 저항 증가 : {3}%\n치명 피해 저항 증가 : {4}%,"6
6
6
6
6",어사이드_베니_1.webp,사료스탕스 뽀너스,"티그, 루포, 베니가 적에게 주는 피해량, 공격 속도가 증가한다.",피해량 증가 : {0}%\n공격 속도 증가 : {1}%,"25
20",어사이드_베니_2.webp,나를 따르라 곰,전열 아군이 적에게 받는 피해량을 감소시킨다.,받는 피해량 감소 : {0}%,18,"체력,마법 방어력","+1600,+160",어사이드_베니_3.webp,전열,받는 피해량 감소
베니(베니),베니는 베니야,"착용한 사도의 최대 HP, 물리 공격력, 치명타, 치명 피해가 증가한다.",최대 HP 증가 : {0}%\n물리 공격력 증가 : {1}%\n치명타 증가 : {2}%\n치명 피해 증가 : {3}%,"6
6
6
6",어사이드_베니(베니)_1.webp,베니는 배고파,"꿀범벅의 최대 중첩 수가 30회로 증가한다.<br>고학년 스킬 사용 시, 날아간 자리에 거대 꿀 웅덩이를 생성하며, 거대 꿀 웅덩이 위의 적에게 일정 간격마다 꿀범벅을 건다. 꿀범벅 1중첩시 피해 추가 수치가 2배가 되고, 꿀범벅을 30중첩 보유한 적에게는 추가로 주는 피해량을 감소시킨다.<br>꿀범벅 : 공격 속도, 이동 속도가 감소한다.",거대 꿀 웅덩이 지속시간 : {0}초\n거대 꿀 웅덩이 꿀범벅 중첩 간격 : {1} 초\n꿀범벅 지속시간 : {2}초\n1중첩시 공격 속도 감소 : {3}%\n1중첩시 이동 속도 감소 : {4}%\n주는 피해량 감소 : {5}%\n주는 피해량 감소 지속시간 : {6}초,"10
0.5
15
1.5
1.5
45
20",어사이드_베니(베니)_2.webp,베니는 멋있어,후열 아군이 적에게 주는 피해량을 증가시킨다.,피해량 증가 : {0}%,26,"물리 공격력,치명타 저항",,어사이드_베니(베니)_3.webp,후열,주는 피해량 증가
베루,,,,,어사이드_베루_1.webp,,,,,어사이드_베루_2.webp,,,,,,,어사이드_베루_3.webp,,
벨라,타오르는 벨라의 소망,"착용자의 최대 HP, 물리 방어력, 마법 방어력, 치명타 저항, 치명 피해 저항이 증가한다.",최대 HP 증가 : {0}%\n물리 방어력 증가 : {1}%\n마법 방어력 증가 : {2}%\n치명타 저항 증가 : {3}%\n치명 피해 저항 증가 : {4}%,"6
6
6
6
6",어사이드_벨라_1.webp,존재란 무엇인가?,"넉백에 면역이 된다.<br>고학년 스킬로 도발에 걸린 대상 수만큼 자신이 받는 피해량이 감소한다.<br>영속 보유 시, 모든 아군의 공격 속도와 스킬 피해량을 증가시킨다.<br>존속 효과 발동 시, 일정 시간 동안 매초 모든 아군의 HP를 회복시키고, 받는 피해량을 감소시킨다.<br>넉백 : 행동불가 상태로 뒤로 밀린다.<br>영속 : 전투불능이 되면 모든 HP를 회복한다.<br>존속 : 물리 공격력, 마법 공격력, 최대 HP가 증가한다.",적 1명당 받는 피해량 감소 : {0}%\n받는 피해량 감소 지속시간 : {1}초\n영속 보유 시 공격 속도 증가 : {2}%\n영속 보유 시 스킬 피해량 증가 : {3}%\n존속 발동 시 지속 HP 회복 : 최대 HP의 {4}%\n존속 발동 시 받는 피해량 감소 : {5}%\n회복 및 받는 피해량 감소 지속시간 : {6}초,"6
6
33
50
1.5
25
7",어사이드_벨라_2.webp,우린 이미 완전한 존재들,모든 아군이 적에게 주는 피해량을 증가시킨다.,피해량 증가 : {0}%,22.5,"마법 공격력,치명타",,어사이드_벨라_3.webp,전체,주는 피해량 증가
벨리타,내 동생 에르핀,"착용자의 최대 HP, 마법 공격력, 치명타, 치명 피해가 증가한다.",최대 HP 증가 : {0}%\n마법 공격력 증가 : {1}%\n치명타 증가 : {2}%\n치명 피해 증가 : {3}%,"6
6
6
6",어사이드_벨리타_1.webp,당신을 심판한다,"스킬 피해량이 증가한다. 일반 공격, 저학년 스킬 적중 시 고학년 스킬 재사용 대기시간이 감소한다. 고학년 스킬을 2번 사용한다.",피해량 증가 : {0}%\n일반 공격 적중 시 재사용 대기시간 감소 : {1}초\n저학년 스킬 적중 시 재사용 대기시간 감소 : {2}초,"25
1
2",어사이드_벨리타_2.webp,엘리아스의 수호자들,"후열 아군이 적에게 주는 피해량을 증가시키며, 후열 아군이 적에게 받는 피해량을 감소시킨다.",피해량 증가: {0}%\n받는 피해량 감소 : {1}%,"19.5
9.75","마법 공격력,마법 방어력",,어사이드_벨리타_3.webp,후열,"받는 피해량 감소, 주는 피해량 증가"
벨벳,왕좌에 앉은 벨벳,착용자의 최대 HP가 증가한다.,최대 HP 증가 : {0}%,22.5,어사이드_벨벳_1.webp,나는 내가 지킨다,"저학년 스킬 사용 후 자신에게 물리 보호막을 생성하고, 주변 아군에게 물리 보호막을 부여한다. 직접 피해로 피격되면 고학년 스킬 대기 시간이 감소한다.<br>직접 피해 : 상태이상 피해, 반사 피해, 저주 피해, 분산 피해를 제외한 직접 공격에 의한 피해를 의미한다.",보호막 : 최대 HP의 {0}%\n보호막 지속시간 : {1}초\n재사용 대기시간 감소 : {2}초,"40
4
1",어사이드_벨벳_2.webp,민심을 잡아라,모든 아군이 적에게 받는 물리 피해량이 감소한다.,받는 물리 피해량 감소 : {0}%,17,"치명 피해, 치명 피해 저항",,어사이드_벨벳_3.webp,전체,받는 물리 피해량 감소
블랑셰,만개한 푸른 장미,"착용자의 최대 HP, 마법 공격력, 치명타, 치명 피해가 증가한다.",최대 HP 증가 : {0}%\n마법 공격력 증가 : {1}%\n치명타 증가 : {2}%\n치명 피해 증가 : {3}%,"6
6
6
6",어사이드_블랑셰_1.webp,백만 송이 피어나,"강화 공격의 피해량이 증가하고, 강화 공격의 타겟 대상에 무작위 적이 추가된다. 고학년 스킬의 싱크로즈가 2개 더 추가된다.",피해량 증가 : {0}%,100,어사이드_블랑셰_2.webp,푸른 꽃향기의 힘,중열 아군의 SP 회복량을 증가시킨다.,SP 회복량 : {0},4,"마법 공격력,치명 피해 저항",,어사이드_블랑셰_3.webp,중열,SP 회복량 증가
비비,잠긴 기억의 상자,"착용자의 최대 HP, 물리 방어력, 마법 방어력, 치명타 저항, 치명 피해 저항이 증가한다.",최대 HP 증가 : {0}%\n물리 방어력 증가 : {1}%\n마법 방어력 증가 : {2}%\n치명타 저항 증가 : {3}%\n치명 피해 저항 증가 : {4}%,"6
6
6
6
6",어사이드_비비_1.webp,소녀가 보호하겠사와요,"적에게 받는 스킬 피해량이 감소한다.<br>기본 공격 적중 시 공격한 적의 SP를 감소시킨다. 저학년 스킬 사용 후, 자신을 제외한 남은 HP 비율이 가장 낮은 아군 2명에게 보호막을 부여한다. 저학년 스킬, 고학년 스킬 사용 후 공격 속도가 증가한다.",보호막 : 최대 HP의 {0}%\n받는 스킬 피해량 감소 : {1}%\n기본 공격 적중 시 SP 감소량 : {2}\n보호막 지속시간 : {3}초\n스킬 사용 후 공격 속도 증가 : {4}%\n스킬 사용 후 공격 속도 증가 지속 시간 : {5}초,"40
33
9
6
25
6",어사이드_비비_2.webp,명예로운 비비,"모든 아군이 적에게 받는 피해량을 감소시키고, 모든 아군의 공격 속도를 증가시킨다.",받는 피해량 감소 : {0}%\n공격 속도 증가 : {1}%,"10
7","마법 공격력,치명 피해 저항",,어사이드_비비_3.webp,전체,"공격 속도 증가, 받는 피해량 감소"
빅우드,환경 보호,착용자의 최대 HP와 마법 방어력이 증가한다.,최대 HP 증가 : {0}%\n마법 방어력 증가 : {1}%,"12
12",어사이드_빅우드_1.webp,나 잡아 봐라~,"공격 속도가 증가하며, 기본 공격 적중 시 SP를 회복한다.",공격 속도 증가 : {0}%\nSP 회복량 : {1},"7
16",어사이드_빅우드_2.webp,피톤치드,모든 아군이 적에게 받는 마법 피해량을 감소시킨다.,받는 마법 피해 감소 : {0}%,14,"치명 피해,물리 방어력","+120,+120",어사이드_빅우드_3.webp,전체,받는 마법 피해량 감소
사리,,,,,어사이드_사리_1.webp,,,,,어사이드_사리_2.webp,,,,,,,어사이드_사리_3.webp,,
샤샤,우비요정 샤샤,"착용자의 최대 HP, 마법 공격력, 치명타, 치명 피해가 증가한다.",최대 HP 증가 : {0}%\n마법 공격력 증가 : {1}%\n치명타 증가 : {2}%\n치명 피해 증가 : {3}%,"6
6
6
6",어사이드_샤샤_1.webp,대용량 텀블러,"공격 속도가 증가한다.<br>강화 공격의 피해와 범위가 증가한다. 강화 공격 후, 자신의 SP를 회복한다.",공격 속도 증가 : {0}%\n마법 피해 : {1}%\nSP 회복 : {2}%,"10
420
25",어사이드_샤샤_2.webp,시켜줘 아군 명예소방관,중열 아군이 적에게 주는 피해량을 증가시킨다.,피해량 증가 : {0}%,26,"체력,물리 방어력",,어사이드_샤샤_3.webp,중열,주는 피해량 증가
셀리네,장난스런 셀리네,착용자의 최대 HP가 증가한다.,최대 HP 증가 : {0}%,22.5,어사이드_셀리네_1.webp,도발 전문 엘튜버,"직접 피해를 받으면 SP를 회복한다. 강화 공격의 HP 회복 수치가 2배 증가한다. 고학년 스킬 사용 시 무적이 되고, 스킬 종료 시 무적을 해제한다.<br>직접 피해 : 상태이상 피해, 반사 피해, 저주 피해, 분산 피해를 제외한 직접 공격에 의한 피해를 의미한다.<br>무적 : 모든 피해 및 디버프에 면역이 된다.",SP 회복량 : {0},10,어사이드_셀리네_2.webp,기부 챌린지,전열 아군이 적에게 받는 피해량을 감소시킨다.,받는 피해량 감소 : {0}%,18,"치명 피해,치명타 저항",,어사이드_셀리네_3.webp,전열,받는 피해량 감소
셰럼,서기관의 기록법,"착용자의 최대 HP, 물리 방어력, 마법 방어력, 치명타 저항, 치명 피해 저항이 증가한다.",최대 HP 증가 : {0}%\n물리 방어력 증가 : {1}%\n마법 방어력 증가 : {2}%\n치명타 저항 증가 : {3}%\n치명 피해 저항 증가 : {4}%,"6
6
6
6
6",어사이드_셰럼_1.webp,엘리아스실록,"저학년 스킬 사용 시, 주변 아군이 일정 시간동안 무적이 된다. 전승의 커튼이 지속되는 동안 머리 위에 랜턴이 나타나서 주변에 피해를 입힌다. 이후, 가운데 있는 적에게 나타나서 터지며 기절을 건다.<br>고학년 스킬의 재사용 대기시간이 감소한다. 고학년 스킬 사용 시, 고학년 스킬 첫 피해를 입은 적들의 피해량을 감소시킨다.<br>무적 : 모든 피해 및 디버프에 면역이 된다.<br>기절 : 행동불가 상태가 된다.",무적 지속시간 : {0}초\n초당 마법 피해 : {1}%\n기절 지속시간 : {2}초\n재사용 대기시간 감소 : {3}초\n피해량 감소 : {4}%\n피해량 감소 지속시간 : {5}초,"3
200
3.5
16
40
6",어사이드_셰럼_2.webp,아군관찰일지,모든 아군이 적에게 받는 피해량을 감소시킨다.,받는 피해량 감소 : {0}%,10,"물리 공격력,치명타 저항",,어사이드_셰럼_3.webp,전체,받는 피해량 감소
셰이디,장난스런 셰이디,"착용자의 최대 HP, 물리 공격력, 치명타, 치명 피해가 증가한다.",최대 HP 증가 : {0}%\n물리 공격력 증가 : {1}%\n치명타 증가 : {2}%\n치명 피해 증가 : {3}%,"6
6
6
6",어사이드_셰이디_1.webp,악마의 삼지창,스킬 피해량이 증가한다.<br>저학년 스킬 사용 시 주변 적들에게 일정 시간 동안 기절을 걸고 사슬낫을 2개 소환한다. 사슬낫은 가장 멀리 있는 적과 가장 가까운 적에게 1개씩 날아가 물리 피해를 입히고 쓰라림을 건다.<br>스킬 사용 후 일반 공격 피해량이 증가하고 적에게 받는 피해량이 감소한다.<br>고학년 침묵 지속시간이 증가한다.<br>쓰라림 : 매 초 피해를 입으며 회복량이 감소한다.,스킬 피해량 증가 : {0}%\n기절 지속시간 : {1}초\n사슬낫 물리 피해 : {2}%\n쓰라림 지속시간 : {3}초\n일반 공격 피해량 증가 : {4}%\n일반 공격 피해량 증가 지속시간 : {5}초\n받는 피해량 감소 : {6}%\n받는 피해량 감소 지속시간 : {7}초\n고학년 침묵 지속시간 : {8}초,"30
2
220
4
300
6
50
6
16",어사이드_셰이디_2.webp,소악마의 대변인,전열 아군이 적에게 주는 피해량을 증가시킨다.,피해량 증가: {0}%,26,"물리 공격력,치명타 저항",,어사이드_셰이디_3.webp,전열,주는 피해량 증가
셰이디(역전),정신 수양 도구,"착용자의 최대 HP, 물리 방어력, 마법 방어력, 치명타 저항, 치명 피해 저항이 증가한다.",최대 HP 증가 : {0}%\n물리 방어력 증가 : {1}%\n마법 방어력 증가 : {2}%\n치명타 저항 증가 : {3}%\n치명 피해 저항 증가 : {4}%,"6
6
6
6
6",어사이드_셰이디(역전)_1.webp,분노 정화 인형,"저학년 스킬 사용 후, 자신의 SP를 회복한다.<br>고학년 스킬에 적중한 적에게 차원의 흔적을 남긴다.<br>차원의 흔적은 잠시 후 폭발하며, 물리 피해를 입히고 SP를 감소시킨다.",SP 회복 : {0}%\n물리 피해 : {1}%\nSP 감소 : {2}%,"30
1000
30",어사이드_셰이디(역전)_2.webp,질투하는 인형,후열 아군이 적에게 주는 피해량을 증가시킨다.,피해량 증가 : {0}%,26,"체력,물리 방어력",,어사이드_셰이디(역전)_3.webp,후열,주는 피해량 증가
슈로,활짝 핀 투구꽃,"착용자의 최대 HP, 물리 공격력, 치명타, 치명 피해가 증가한다.",최대 HP 증가 : {0}%\n물리 공격력 증가 : {1}%\n치명타 증가 : {2}%\n치명 피해 증가 : {3}%,"6
6
6
6",어사이드_슈로_1.webp,강한 상대에게 강하다,"검의 영역 발동 중, 적에게 검을 8개 날려 물리 피해를 입히고, 일정 시간 동안 모든 방어력을 감소시킨다. 직접 피해로 피격되면 고학년 스킬 재사용 대기시간이 감소한다.<br>직접 피해 : 상태이상 피해, 반사 피해, 저주 피해, 분산 피해를 제외한 직접 공격에 의한 피해를 의미한다.",총 물리 피해 : {0}%\n모든 방어력 감소량 : {1}\n모든 방어력 감소 지속시간 : {2}초\n재사용 대기시간 감소 : {3}초,"1200
3250
7
1",어사이드_슈로_2.webp,우리를 기억해,"전열 아군이 적에게 주는 피해량을 증가시키고, 전열 아군이 적에게 받는 피해량을 감소시킨다.",피해량 증가 : {0}%\n받는 피해량 감소 : {1}%,"19.5
9.75","치명타,치명타 저항",,어사이드_슈로_3.webp,전열,"받는 피해량 감소, 주는 피해량 증가"
슈팡,엘리아스 스피드스터,"착용자의 최대 HP, 물리 방어력, 마법 방어력, 치명타 저항, 치명 피해 저항이 증가한다.",최대 HP 증가 : {0}%\n물리 방어력 증가 : {1}%\n마법 방어력 증가 : {2}%\n치명타 저항 증가 : {3}%\n치명 피해 저항 증가 : {4}%,"6
6
6
6
6",어사이드_슈팡_1.webp,배달의 요정,"강화 공격 효과를 받은 아군 주변에 받는 피해량 감소 효과가 추가된다. 웨이브 시작 시, 고학년 스킬 재사용 대기시간이 0초가 된다. 고학년 스킬로 피해를 입은 무작위 적에게 택배 상자를 놓고 온다. 택배 상자는 주변 적들에게 호기심을 걸고, 폭발 후 범위 마법 피해를 입히며 기절을 건다. 기절 및 피해는 최대 6인에게 적용된다.<br>호기심 : 적에게 천천히 이동한다.<br>기절 : 행동불가 상태가 된다.",받는 피해량 감소 : {0}%\n받는 피해량 감소 지속 시간 : {1}초\n마법 피해 : {2}%\n호기심 지속시간 : {3}초\n기절 지속시간 : {4}초,"17.5
7
200
1.5
1",어사이드_슈팡_2.webp,슈팡의 신속 배달,"후열 아군이 적에게 주는 피해량을 증가시키며, 후열 아군이 적에게 받는 피해량을 감소시킨다.",피해량 증가: {0}%\n받는 피해량 감소 : {1}%,"19.5
9.75","체력,마법 방어력",,어사이드_슈팡_3.webp,후열,"받는 피해량 감소, 주는 피해량 증가"
스노키,내 꿈은 빅보스,"착용자의 최대 HP, 물리 방어력, 마법 방어력, 치명타 저항, 치명 피해 저항이 증가한다.",최대 HP 증가 : {0}%\n물리 방어력 증가 : {1}%\n마법 방어력 증가 : {2}%\n치명타 저항 증가 : {3}%\n치명 피해 저항 증가 : {4}%,"6
6
6
6
6",어사이드_스노키_1.webp,의리의 대명사,"웨이브 시작 시, 가장 공격력이 높은 아군에게 최대 HP를 추가하고 모든 아군에게 보호막을 부여한다.<br>강화 공격 시, 주변 아군들의 받는 피해량을 감소시킨다. 강화 공격 피해가 2배 증가하고 강화 공격 실행 중에는 무적이 된다.<br>무적 : 모든 피해 및 디버프에 면역이 된다.",최대 HP 추가 : 착용자 최대 HP의 {0}%<br>보호막 : 최대 HP의 {1}%\n보호막 지속시간 : {2}초\n받는 피해량 감소 : {3}%\n받는 피해량 감소 지속시간 : {4}초,"30
48
15
40
8",어사이드_스노키_2.webp,주먹 맛 좀 봐라,모든 아군이 적에게 받는 피해량을 감소시킨다.,받는 피해량 감소 : {0}%,10,"체력,물리 방어력",,어사이드_스노키_3.webp,전체,받는 피해량 감소
스피키,,,,,어사이드_스피키_1.webp,,,,,어사이드_스피키_2.webp,,,,,,,어사이드_스피키_3.webp,,
스피키(메이드),세상 가장 청결한 호박,"착용자의 최대 HP, 마법 공격력, 치명타, 치명 피해가 증가한다.",최대 HP 증가 : {0}%\n마법 공격력 증가 : {1}%\n치명타 증가 : {2}%\n치명 피해 증가 : {3}%,"6
6
6
6",어사이드_스피키(메이드)_1.webp,자동 청소 모드에요오!,"고학년 스킬 피해량이 증가한다.<br>저학년 스킬 발동 시, 일정 시간 동안 매초 무작위 아군 9명의 HP를 회복시키고, 치명타 저항을 증가시킨다. 고학년 스킬 발동 시, 일정 시간동안 무작위 아군 9명의 피해량을 증가시킨다.",고학년 스킬 피해량 증가 : {0}%\n지속 HP 회복 : 최대 HP의 {1}%\n치명타 저항 증가 : {2}%\n회복 및 치명타 저항 증가 지속시간 : {3}초\n피해량 증가 : {4}%\n피해량 증가 지속 시간 : {5}초,"25
4
12.5
6
36
12",어사이드_스피키(메이드)_2.webp,대청소의 날,모든 아군의 치명타 저항과 치명 피해 저항을 증가시킨다.,치명타 저항 증가 : {0}%\n치명 피해 저항 증가 : {1}%,"7.5
7.5","마법 공격력,치명 피해 저항",,어사이드_스피키(메이드)_3.webp,전체,"치명 피해 저항 증가, 치명타 저항 증가"
시스트,장사천재 시스트,"착용자의 최대 HP, 물리 공격력, 치명타, 치명 피해가 증가한다.",최대 HP 증가 : {0}%\n물리 공격력 증가 : {1}%\n치명타 증가 : {2}%\n치명 피해 증가 : {3}%,"6
6
6
6",어사이드_시스트_1.webp,우정을 건 승부,저학년 스킬 피해량이 증가한다. 고학년 스킬 사용 시 무작위 아군 사도 2명도 스킬 효과를 얻는다.,저학년 스킬 피해량 증가 : {0}%\n고학년 스킬 피해량 증가 : {1}%\n고학년 스킬 피해량 증가 지속시간 : {2}초\nSP 회복 : {3}%,"25
15
10
40",어사이드_시스트_2.webp,아군 타겟 상품,모든 아군의 스킬 피해량을 증가시킨다.,피해량 증가 : {0}%,33,"체력,마법 방어력",,어사이드_시스트_3.webp,전체,스킬 피해량 증가
시온 더 다크불릿,"이 몸, 등장★","착용자의 최대 HP, 물리 공격력, 치명타, 치명 피해가 증가한다.",최대 HP 증가 : {0}%\n물리 공격력 증가 : {1}%\n치명타 증가 : {2}%\n치명 피해 증가 : {3}%,"6
6
6
6",어사이드_시온 더 다크불릿_1.webp,절대적 마탄의 힘이랄까?,"기본 공격 적중 시 HP를 회복한다. 저학년 스킬, 고학년 스킬 사용 후 공격 속도가 증가한다.",HP 회복 : 최대 HP의 {0}%\n스킬 사용 후 공격 속도 증가 : {1}%\n스킬 사용 후 공격 속도 증가 지속 시간 : {2}초,"3
100
6",어사이드_시온 더 다크불릿_2.webp,어.둠.의.구.원.자★,"후열 아군이 적에게 주는 피해량을 증가시키며, 후열 아군이 적에게 받는 피해량을 감소시킨다.",피해량 증가: {0}%\n받는 피해량 감소 : {1}%,"19.5
9.75","물리 공격력,치명 피해 저항",,어사이드_시온 더 다크불릿_3.webp,후열,"받는 피해량 감소, 주는 피해량 증가"
시저,나도 주인공,"착용자의 최대 HP, 물리 방어력, 마법 방어력, 치명타 저항, 치명 피해 저항이 증가한다.",최대 HP 증가 : {0}%\n물리 방어력 증가 : {1}%\n마법 방어력 증가 : {2}%\n치명타 저항 증가 : {3}%\n치명 피해 저항 증가 : {4}%,"6
6
6
6
6",어사이드_시저_1.webp,의외로 빌런이 이기는 전개,"최대 HP가 증가한다.<br>웨이브 시작 시 공격력이 가장 높은 적 3명을 방해꾼으로 지정한다. 방해꾼으로 지정된 대상의 공격력, 기본 SP 회복량, 공격 속도를 감소시킨다.<br>방해꾼이 해제되거나 지속시간이 다하거나 지정 대상이 처치되면 모든 아군의 HP를 회복시킨다.",HP 회복 : 최대 HP의 {0}%\n최대 HP 증가 : {1}%\n방해꾼 지속시간 : {2}초\n공격력 감소 : {3}%\n기본 SP 회복량 감소 : {4}%\n공격 속도 감소 : {5}%,"20
25
10
25
75
75",어사이드_시저_2.webp,빌런의 품격,중열 아군이 적에게 받는 피해량이 감소한다.,받는 피해량 감소 : {0}%,18,"치명 피해,물리 방어력",,어사이드_시저_3.webp,중열,받는 피해량 감소
실라,우정의 증표,"착용자의 최대 HP, 물리 공격력, 치명타, 치명 피해가 증가한다.",최대 HP 증가 : {0}%\n물리 공격력 증가 : {1}%\n치명타 증가 : {2}%\n치명 피해 증가 : {3}%,"6
6
6
6",어사이드_실라_1.webp,회오리바람이 분다,"공격 속도가 증가한다.<br>일반 공격 적중 시 일정 확률로 회오리가 발생해 피격된 적에게 물리 피해를 입히고 사라진다. 주변에 적이 있을 경우, 회오리 1개가 추가로 발생해 피격된 적을 제외한 다른 적에게 물리 피해를 입히고 사라진다.",공격 속도 증가 : {0}%\n회오리당 물리 피해 : {1}%,"40
120",어사이드_실라_2.webp,정령의 수호자,모든 아군의 치명타 저항과 치명 피해 저항을 증가시킨다.,치명타 저항 증가 : {0}%\n치명 피해 저항 증가 : {1}%,"7.5
7.5","물리 공격력,물리 방어력",,어사이드_실라_3.webp,전체,"치명 피해 저항 증가, 치명타 저항 증가"
실피르,,,,,어사이드_실피르_1.webp,,,,,어사이드_실피르_2.webp,,,,,,,어사이드_실피르_3.webp,,
아네트,응원의 마음,"착용자의 최대 HP, 물리 방어력, 마법 방어력, 치명타 저항, 치명 피해 저항이 증가한다.",최대 HP 증가 : {0}%\n물리 방어력 증가 : {1}%\n마법 방어력 증가 : {2}%\n치명타 저항 증가 : {3}%\n치명 피해 저항 증가 : {4}%,"6
6
6
6
6",어사이드_아네트_1.webp,너는 나의 챔피언,"저학년 스킬 사용 시, MVP 선정 기념 축포를 발사해 적들에게 범위 마법 피해를 입히고 모든 아군의 일반 공격 피해량을 증가시킨다.<br>같은 아군이 MVP로 연속 선정될 경우, 효과가 변경되어 일반 공격 피해량 대신 공격 속도를 증가시킨다.",마법 피해 : {0}%\n일반 공격 피해량 증가 : {1}%\n일반 공격 피해량 증가 지속시간 : {2}초\n공격 속도 증가 : {3}%\n공격 속도 증가 지속시간 : {4}초,"900
150
12
150
12",어사이드_아네트_2.webp,반칙은 금물,중열 아군이 적에게 주는 피해량을 증가시킨다.,피해량 증가 : {0}%,26,"체력,물리 방어력",,어사이드_아네트_3.webp,중열,주는 피해량 증가
아르코,심각한 댄스 중독,"착용자의 최대 HP, 물리 공격력, 치명타, 치명 피해가 증가한다.",최대 HP 증가 : {0}%\n물리 공격력 증가 : {1}%\n치명타 증가 : {2}%\n치명 피해 증가 : {3}%,"6
6
6
6",어사이드_아르코_1.webp,리듬에 몸을 맡겨,"저학년 스킬, 고학년 스킬 사용 시 배틀 아이템 응원봉을 생성한다.<br>일정 시간마다 아군이 직접 피해를 8회 받으면, 흥겨운 파동을 발산한다. 주변 아군들의 SP를 회복시키며, 적들에게는 물리 피해를 입히고 일정 시간 동안 주는 피해량을 감소시킨다.<br>직접 피해 : 상태이상 피해, 반사 피해, 저주 피해, 분산 피해를 제외한 직접 공격에 의한 피해를 의미한다.",SP 회복량 : {0}\n물리 피해 : {1}%\n주는 피해량 감소 : {2}%\n주는 피해량 감소 지속시간 : {3}초,"40
175
30
6",어사이드_아르코_2.webp,적포도가 근본,중열 아군이 적에게 주는 피해량을 증가시킨다.,피해량 증가 : {0}%,26,"치명 피해,물리 방어력",,어사이드_아르코_3.webp,중열,주는 피해량 증가
아멜리아,왕자님의 은총,"착용자의 최대 HP, 물리 공격력, 치명타, 치명 피해가 증가한다.",최대 HP 증가 : {0}%\n물리 공격력 증가 : {1}%\n치명타 증가 : {2}%\n치명 피해 증가 : {3}%,"6
6
6
6",어사이드_아멜리아_1.webp,초고속 썬더 레이저,"공격 속도가 증가하며, 강화 공격 시전 확률이 올라간다.",공격 속도 증가 : {0}%\n강화 공격 시전 확률 증가 : {1}%,"10
20",어사이드_아멜리아_2.webp,지원 요청의 건,후열 아군의 SP 회복량을 증가시킨다.,SP 회복량 : {0},4,"물리 공격력,물리 방어력",,어사이드_아멜리아_3.webp,후열,SP 회복량 증가
아멜리아(R41),그리운 나의 벗,"착용자의 최대 HP, 물리 방어력, 마법 방어력, 치명타 저항, 치명 피해 저항이 증가한다.",최대 HP 증가 : {0}%\n물리 방어력 증가 : {1}%\n마법 방어력 증가 : {2}%\n치명타 저항 증가 : {3}%\n치명 피해 저항 증가 : {4}%,"6
6
6
6
6",어사이드_아멜리아(R41)_1.webp,영광인 줄 알거라,저학년 스킬의 HP 회복 수치가 2배 증가하고 보호막이 고출력 보호막으로 강화된다. 고출력 보호막이 유지되는 동안 공격 속도와 주는 피해량이 증가한다.<br>고학년 스킬 사용 시 해제되는 디버프 개수가 다섯 개로 증가한다.,공격 속도 증가 : {0}%\n주는 피해량 증가 : {1}%,"30
30",어사이드_아멜리아(R41)_2.webp,떠오른 빈자리,모든 아군의 스킬 피해량을 증가시킨다.,스킬 피해량 증가 : {0}%,33,"체력,물리 방어력",,어사이드_아멜리아(R41)_3.webp,전체,스킬 피해량 증가
아사나,불가능은 없다,"착용자의 최대 HP, 물리 방어력, 마법 방어력, 치명타 저항, 치명 피해 저항이 증가한다.",최대 HP 증가 : {0}%\n물리 방어력 증가 : {1}%\n마법 방어력 증가 : {2}%\n치명타 저항 증가 : {3}%\n치명 피해 저항 증가 : {4}%,"6
6
6
6
6",어사이드_아사나_1.webp,건강한 몸에 건강한 정신,"저학년 스킬 사용 시 최대 4번, 적중한 적마다 자신의 SP를 회복한다.<br>저학년 스킬의 마력을 후방으로도 발사하며 마력 주변 아군에게 매초 스킬 피해량과 최대 HP를 증가시킨다.",SP 회복량 : {0}\n스킬 피해량 증가 : {1}%\n스킬 피해량 증가 지속시간 : {2}초\n기본 최대 HP 증가 : {3}%\n기본 최대 HP 증가 지속시간 : {4}초,"75
100
8
50
12",어사이드_아사나_2.webp,24시간 밀착 감시,"전열 아군이 적에게 주는 피해량을 증가시키고, 전열 아군이 적에게 받는 피해량을 감소시킨다.",피해량 증가 : {0}%\n받는 피해량 감소 : {1}%,"19.5
9.75","치명타,치명타 저항",,어사이드_아사나_3.webp,전열,"받는 피해량 감소, 주는 피해량 증가"
아야,새하얀 눈송이,"착용자의 최대 HP, 마법 공격력, 치명타, 치명 피해가 증가한다.",최대 HP 증가 : {0}%\n마법 공격력 증가 : {1}%\n치명타 증가 : {2}%\n치명 피해 증가 : {3}%,"6
6
6
6",어사이드_아야_1.webp,눈꽃의 날갯짓,"일정 시간동안 눈꽃 만개 효과가 충전된다. 충전 완료 시 다음 일반 공격에 추가로 범위 마법 피해를 입히고, 기절을 건다. 저학년 스킬의 나비가 날아가며 자신에게 보호막을 생성하고, 다시 돌아오며 자신의 HP를 회복한다.<br>기절 : 행동불가 상태가 된다.",눈꽃 만개 충전 시간 : {0}초\n눈꽃 만개 마법 피해 : {1}%\n기절 지속시간 : {2}초\n보호막 : 최대 HP의 {3}%\n보호막 지속시간 : {4}초\nHP 회복 : 최대 HP의 {5}%,"4
550
1.5
50
6
30",어사이드_아야_2.webp,만년설의 현자님!,"모든 아군이 적에게 주는 피해량이 증가하고, 모든 아군이 적에게 받는 피해량이 감소한다.",피해량 증가 : {0}%\n받는 피해량 감소 : {1}%,"22.5
6","치명 피해,마법 방어력",,어사이드_아야_3.webp,전체,"받는 피해량 감소, 주는 피해량 증가"
아이시아,승리한 아이시아,"착용자의 최대 HP, 마법 공격력, 치명타, 치명 피해가 증가한다.",최대 HP 증가 : {0}%\n마법 공격력 증가 : {1}%\n치명타 증가 : {2}%\n치명 피해 증가 : {3}%,"6
6
6
6",어사이드_아이시아_1.webp,미공개 신제품,"저학년 스킬 사용 시 냉장고가 범위 내 무작위 적 위치에 아이스박스를 놓는다. 아이스박스는 일정 시간 후에 폭발하고, 적들에게 범위 마법 피해를 입히며 기절을 건다. 고학년 스킬 사용 시 자신에게 보호막을 생성한다.<br>기절 : 행동불가 상태가 된다.<br>보호막 : 최대 HP의 40%",마법 피해 : {0}%\n아이스박스 지속시간 : {1}초\n기절 지속시간 : {2}초\n보호막 지속시간 : {3}초,"350
2.5
2
6",어사이드_아이시아_2.webp,기부천사 아이시아,"후열 아군이 적에게 주는 피해량을 증가시키며, 후열 아군이 적에게 받는 피해량을 감소시킨다.",피해량 증가: {0}%\n받는 피해량 감소 : {1}%,"19.5
9.75","치명 피해,치명 피해 저항",,어사이드_아이시아_3.webp,후열,"받는 피해량 감소, 주는 피해량 증가"
아일라,짱킹갓 해파리,"착용자의 최대 HP, 물리 방어력, 마법 방어력, 치명타 저항, 치명 피해 저항이 증가한다.",최대 HP 증가 : {0}%\n물리 방어력 증가 : {1}%\n마법 방어력 증가 : {2}%\n치명타 저항 증가 : {3}%\n치명 피해 저항 증가 : {4}%,"6
6
6
6
6",어사이드_아일라_1.webp,나 좀 냅두라바!!,"웨이브 시작 시, 고학년 스킬 재사용 대기시간이 0초가 된다.<br>대분화의 거대 화산 정령이 떨어진 자리에 폭발이 일어나 적들에게 범위 마법 피해를 입히고 공격 속도를 감소시키며 화상을 건다.<br>화상 : 매초 피해를 입는다.",마법 피해 : {0}%\n공격 속도 감소 : {1}%\n공격 속도 감소 지속시간 : {2}초\n화상 지속시간 : {3}초,"180
30
5
3",어사이드_아일라_2.webp,평화 박살 해파리,모든 아군의 최대 HP가 증가한다.,최대 HP 증가 : {0}%,22,"마법 공격력,치명타",,어사이드_아일라_3.webp,전체,최대 HP 증가
알레트,,,,,어사이드_알레트_1.webp,,,,,어사이드_알레트_2.webp,,,,,,,어사이드_알레트_3.webp,,
앨리스,행운카드의 주인공,"착용자의 최대 HP, 마법 공격력, 치명타, 치명 피해가 증가한다.",최대 HP 증가 : {0}%\n마법 공격력 증가 : {1}%\n치명타 증가 : {2}%\n치명 피해 증가 : {3}%,"6
6
6
6",어사이드_앨리스_1.webp,완전 럭키 앨리스잖아!,"일정 시간동안 아군이 직접 피해를 12회 받으면, 자신의 HP와 SP를 회복한다. 스킬 피해량이 증가한다.<br>",HP 회복 : 최대 HP의 {0}%\nSP 회복 : {1}%\n피해량 증가 : {2}%,"25
100
25",어사이드_앨리스_2.webp,행운을 빌어요!,중열 아군의 SP 회복량을 증가시킨다.,SP 회복량 : {0},4,"치명타,치명타 저항",,어사이드_앨리스_3.webp,중열,SP 회복량 증가
에르핀,달달한게 최고야!,"착용자의 최대 HP, 마법 공격력, 치명타, 치명 피해가 증가한다.",최대 HP 증가 : {0}%\n마법 공격력 증가 : {1}%\n치명타 증가 : {2}%\n치명 피해 증가 : {3}%,"6
6
6
6",어사이드_에르핀_1.webp,와구와구 발사!!,"강화 공격 후, 자신의 HP와 SP를 회복한다.<br>고학년 스킬 사용 시 무적이 되고, 스킬 종료 시 무적을 해제한다. 고학년 스킬 적중 시 공격한 적의 피해량을 감소시킨다.<br>무적 : 모든 피해 및 디버프에 면역이 된다.",HP 회복 : 최대 HP의 {0}%\nSP 회복 : {1}%\n피해량 감소 : {2}%\n피해량 감소 지속시간 : {3}초,"15
75
40
6",어사이드_에르핀_2.webp,순수 케이크 공격!!!,"후열 아군이 적에게 주는 피해량을 증가시키며, 후열 아군이 적에게 받는 피해량을 감소시킨다.",피해량 증가: {0}%\n받는 피해량 감소 : {1}%,"19.5
9.75","치명 피해,마법 방어력",,어사이드_에르핀_3.webp,후열,"받는 피해량 감소, 주는 피해량 증가"
에르핀(왕도),모두를 위한 무게,"착용자의 최대 HP, 마법 공격력, 치명타, 치명 피해가 증가한다.",최대 HP 증가 : {0}%\n마법 공격력 증가 : {1}%\n치명타 증가 : {2}%\n치명 피해 증가 : {3}%,"6
6
6
6",어사이드_에르핀(왕도)_1.webp,모두를 위한 배려,"순수 성격을 1개 더 추가한다.<br>저학년 스킬의 피해 범위가 증가한다.<br>저학년 스킬 왕마력탄을 발사하는 동안 여왕의 의지 상태가 된다.<br>여왕의 의지 상태는 해제할 수 없다.<br>여왕의 의지 : 침묵, 도발, 호기심, 놀람에 면역이 되고 행동불가 상태가 되지 않는다.",,,어사이드_에르핀(왕도)_2.webp,모두를 위한 힘,"모든 아군이 적에게 주는 피해량이 증가하고, 모든 아군이 적에게 받는 피해량이 감소한다.",피해량 증가 : {0}%\n받는 피해량 감소 : {1}%,"22.5
6","마법 공격력,마법 방어력",,어사이드_에르핀(왕도)_3.webp,전체,"받는 피해량 감소, 주는 피해량 증가"
에슈르,마법책빵,"착용자의 최대 HP, 마법 공격력, 치명타, 치명 피해가 증가한다.",최대 HP 증가 : {0}%\n마법 공격력 증가 : {1}%\n치명타 증가 : {2}%\n치명 피해 증가 : {3}%,"6
6
6
6",어사이드_에슈르_1.webp,빵센디오,저학년 스킬 사용 후 일정 횟수 동안 일반 공격은 강화 공격으로 시전된다.<br>저학년 스킬 사용 시 일정 시간 동안 주변 아군의 마법 피해량을 증가시킨다.,강화 공격 시전 횟수 : {0}회\n마법 피해량 증가 : {1}%\n마법 피해량 증가 지속시간 : {2}초,"6
50
8",어사이드_에슈르_2.webp,빵빵한 브레드,모든 아군이 적에게 주는 피해량이 증가한다.,피해량 증가 : {0}%,22.5,"마법 공격력,치명타",,어사이드_에슈르_3.webp,전체,주는 피해량 증가
에스피,비몽사몽 파워,"착용자의 최대 HP, 마법 공격력, 치명타, 치명 피해가 증가한다.",최대 HP 증가 : {0}%\n마법 공격력 증가 : {1}%\n치명타 증가 : {2}%\n치명 피해 증가 : {3}%,"6
6
6
6",어사이드_에스피_1.webp,촛불~충전!,"일반 공격 적중 시 SP를 회복하며, 공격한 적 처치 시 자신의 SP를 더 많이 회복한다.",일반 공격 적중 시 SP 회복량 : {0}\n적 처치 시 SP 회복량 : {1},"12
200",어사이드_에스피_2.webp,꿈꾸는 모든 자에게!,모든 아군이 적에게 주는 피해량을 증가시킨다.,피해량 증가 : {0}%,10,"마법 공격력,마법 방어력","+124,+160",어사이드_에스피_3.webp,전체,주는 피해량 증가
에피카,조수 에피콘,"착용자의 최대 HP, 물리 공격력, 치명타, 치명 피해가 증가한다.",최대 HP 증가 : {0}%\n물리 공격력 증가 : {1}%\n치명타 증가 : {2}%\n치명 피해 증가 : {3}%,"6
6
6
6",어사이드_에피카_1.webp,에피콘의 분신술,"강화 공격 시전 확률이 증가하고, 일반 공격의 타겟 대상에 무작위 적이 추가된다.",강화 공격 시전 확률 증가 : {0}%,15,어사이드_에피카_2.webp,아군에게 바칩니다,"중열 아군이 적에게 주는 피해량을 증가시키고, 중열 아군이 적에게 받는 피해량을 감소시킨다.",피해량 증가: {0}%\n받는 피해량 감소 : {1}%,"19.5
9.75","체력,마법 방어력",,어사이드_에피카_3.webp,중열,"받는 피해량 감소, 주는 피해량 증가"
엘레나,엘레나는 휴가중,"착용자의 최대 HP, 물리 공격력, 치명타, 치명 피해가 증가한다.",최대 HP 증가 : {0}%\n물리 공격력 증가 : {1}%\n치명타 증가 : {2}%\n치명 피해 증가 : {3}%,"6
6
6
6",어사이드_엘레나_1.webp,코드 기능 개선,"공격 속도가 증가하고, 저학년 스킬의 피해량과 범위가 증가한다. 고학년 스킬의 피해량이 증가하고, 적 SP 감소 효과가 추가된다.",공격 속도 증가 : {0}%\n저학년 스킬 피해량 증가 : {1}%\n고학년 스킬 피해량 증가 : {2}%\n타수당 SP 감소량 : {3},"25
33
50
9",어사이드_엘레나_2.webp,맑은 눈의 엘레나,"모든 아군의 공격 속도를 증가시키고, 모든 아군이 적에게 받는 피해량을 감소시킨다.",공격 속도 증가 : {0}%\n받는 피해량 감소 : {1}%,"7
7.5","물리 공격력,치명 피해 저항",,어사이드_엘레나_3.webp,전체,"공격 속도 증가, 받는 피해량 감소"
오르,내일의 발명왕,"착용자의 최대 HP, 물리 방어력, 마법 방어력, 치명타 저항, 치명 피해 저항이 증가한다.",최대 HP 증가 : {0}%\n물리 방어력 증가 : {1}%\n마법 방어력 증가 : {2}%\n치명타 저항 증가 : {3}%\n치명 피해 저항 증가 : {4}%,"6
6
6
6
6",어사이드_오르_1.webp,2인용 로켓,"최대 HP가 증가한다.<br>일정 시간마다 공격력이 가장 높은 아군 2명에게 로켓으로 지원 물자를 전달한다. 대상의 현재 HP 비율이 50% 이상이라면, SP를 회복시키고 일정 시간 동안 피해량을 증가시킨다. 50% 미만이라면, HP를 회복시키고 일정 시간 동안 받는 피해량을 감소시킨다.",최대 HP 증가 : {0}%\n로켓 재사용 대기시간 : {1}초\nSP 회복량 : {2}\n피해량 증가 : {3}%\n피해량 증가 지속시간 : {4}초\nHP 회복 : 최대 HP의 {5}%\n받는 피해량 감소 : {6}%\n받는 피해량 감소 지속시간: {7}초,"25
7
60
60
5
35
40
5",어사이드_오르_2.webp,크래커를 깜빡했네,후열 아군이 적에게 주는 피해량을 증가시킨다.,피해량 증가: {0}%,26,"치명타,치명타 저항",,어사이드_오르_3.webp,후열,주는 피해량 증가
오팔,이달의 우수 용족,"착용자의 최대 HP, 물리 방어력, 마법 방어력, 치명타 저항, 치명 피해 저항이 증가한다.",최대 HP 증가 : {0}%\n물리 방어력 증가 : {1}%\n마법 방어력 증가 : {2}%\n치명타 저항 증가 : {3}%\n치명 피해 저항 증가 : {4}%,"6
6
6
6
6",어사이드_오팔_1.webp,오팔을 칭찬합니다!,"모든 아군의 변이와 기절 지속 시간을 감소시킨다. 아군이 직접 피해를 30회 받으면, 이번 웨이브 동안 자신의 기본 SP 회복량이 증가한다. 저학년 스킬에 받는 피해량 감소 효과가 추가된다.<br>직접 피해 : 상태이상 피해, 반사 피해, 저주 피해, 분산 피해를 제외한 직접 공격에 의한 피해를 의미한다.<br>변이 : 사물로 변경되며 행동불가 상태가 된다.<br>기절 : 행동불가 상태가 된다.",기절 지속시간 감소 : {0}%\n변이 지속 시간 감소 : {1}%\nSP 회복량 : {2}%\n받는 피해량 감소 : {3}%,"50
50
30
12.5",어사이드_오팔_2.webp,반짝이는 모든 것들,모든 아군의 치명타 저항과 치명 피해 저항을 증가시킨다.,치명타 저항 증가 : {0}%\n치명 피해 저항 증가 : {1}%,"7.5
7.5","치명 피해,물리 방어력",,어사이드_오팔_3.webp,전체,"치명 피해 저항 증가, 치명타 저항 증가"
요미,은은히 빛나는,"착용자의 최대 HP, 마법 공격력, 치명타, 치명 피해가 증가한다.",최대 HP 증가 : {0}%\n마법 공격력 증가 : {1}%\n치명타 증가 : {2}%\n치명 피해 증가 : {3}%,"6
6
6
6",어사이드_요미_1.webp,소망을 머금은 꽃,저학년 스킬의 달의 영역과 강화 공격 발동 지속시간이 증가한다.<br>강화 공격의 별빛이 1개 더 추가된다.,달의 영역 지속시간 : {0}초\n강화 공격 발동 지속시간 : {1}초,"12
12",어사이드_요미_2.webp,갸륵한 정성으로,"모든 아군이 적에게 주는 피해량이 증가하고, 모든 아군이 적에게 받는 피해량이 감소한다.",피해량 증가 : {0}%\n받는 피해량 감소 : {1}%,"22.5
6","마법 공격력,마법 방어력",,어사이드_요미_3.webp,전체,"받는 피해량 감소, 주는 피해량 증가"
우로스,변치 않는 것,"착용자의 최대 HP, 물리 공격력, 치명타, 치명 피해가 증가한다.",최대 HP 증가 : {0}%\n물리 공격력 증가 : {1}%\n치명타 증가 : {2}%\n치명 피해 증가 : {3}%,"6
6
6
6",어사이드_우로스_1.webp,내 마음의 등대,"저학년 스킬 사용 시, 필드에 있는 아군 사도 수만큼 비수를 소환한다. 자신과 같은 성격인 아군은 2명으로 취급한다. 비수는 무작위 적들에게 물리 피해를 입히고, 받는 피해량을 증가시킨다.<br>비수는 최대 16개까지 소환할 수 있으며, 받는 피해량 증가 효과는 최대 16회까지 중첩될 수 있다.",비수 물리 피해 : {0}%\n1중첩시 받는 피해량 증가 : {1}%\n받는 피해량 증가 지속시간 : {2}초,"180
4
6",어사이드_우로스_2.webp,걸어갈 길,"착용자와 같은 성격인 아군이 적에게 주는 피해량이 증가하고, 착용자와 같은 성격인 아군이 적에게 받는 피해량이 감소한다.",피해량 증가 : {0}%\n받는 피해량 감소 : {1}%,"45
12","물리 공격력,치명타",,어사이드_우로스_3.webp,동일 성격,"받는 피해량 감소, 주는 피해량 증가"
우이,에루는 개굴개굴,"착용자의 최대 HP, 물리 방어력, 마법 방어력, 치명타 저항, 치명 피해 저항이 증가한다.",최대 HP 증가 : {0}%\n물리 방어력 증가 : {1}%\n마법 방어력 증가 : {2}%\n치명타 저항 증가 : {3}%\n치명 피해 저항 증가 : {4}%,"6
6
6
6
6",어사이드_우이_1.webp,긍정왕 우이,"활발 성격을 1개 더 추가하고, 적에게 받는 피해량이 감소한다.",받는 피해량 감소 : {0}%,25,어사이드_우이_2.webp,장화신은 우이,중열 아군이 적에게 받는 피해량이 감소한다.,받는 피해량 감소 : {0}%,18,"체력,물리 방어력",,어사이드_우이_3.webp,중열,받는 피해량 감소
유미미,,,,,어사이드_유미미_1.webp,,,,,어사이드_유미미_2.webp,,,,,,,어사이드_유미미_3.webp,,
이드,착한 마음씨 이드,"착용자의 최대 HP, 물리 방어력, 마법 방어력, 치명타 저항, 치명 피해 저항이 증가한다.",최대 HP 증가 : {0}%\n물리 방어력 증가 : {1}%\n마법 방어력 증가 : {2}%\n치명타 저항 증가 : {3}%\n치명 피해 저항 증가 : {4}%,"6
6
6
6
6",어사이드_이드_1.webp,꿈에서 깨지 않았다,"최대 HP가 증가한다.<br>웨이브 시작 시, 일정 시간동안 자신에게 무적을 건다. 일정 확률로 직접 피해로 피격한 적에게 감전을 건다.<br>저학년 스킬의 아군 보호막 효과 적용 대상이 1명 추가되고, 보호 효과를 받은 아군의 SP를 회복시킨다. 고학년 스킬 사용 후, 적들에게 추가로 범위 마법 피해를 입히고, 일정 시간동안 받는 피해량을 증가시킨다.<br>무적 : 모든 피해 및 디버프에 면역이 된다.<br>직접 피해 : 상태이상 피해, 반사 피해, 저주 피해, 분산 피해를 제외한 직접 공격에 의한 피해를 의미한다.<br>감전 : 공격 및 이동속도가 감소한다.",최대 HP 증가 : {0}%\n무적 지속시간 : {1}초\n감전 지속시간 : {2}초\n아군 SP 회복 : {3}%\n마법 피해 : {4}%\n받는 피해량 증가 : {5}%\n받는 피해량 증가 지속시간 : {6}초,"33
6
4
30
300
15
8",어사이드_이드_2.webp,함께 꾸는 꿈,모든 아군의 최대 HP를 증가시킨다.,최대 HP 증가 : {0}%,22,"치명 피해,물리 방어력",,어사이드_이드_3.webp,전체,최대 HP 증가
이프리트,,,,,어사이드_이프리트_1.webp,,,,,어사이드_이프리트_2.webp,,,,,,,어사이드_이프리트_3.webp,,
잉클,가장 가까운 곳에서,"착용자의 최대 HP, 마법 공격력, 치명타, 치명 피해가 증가한다.",최대 HP 증가 : {0}%\n마법 공격력 증가 : {1}%\n치명타 증가 : {2}%\n치명 피해 증가 : {3}%,"6
6
6
6",어사이드_잉클_1.webp,들어주길 바라오,"웨이브 시작 시, 일정 시간 동안 피해량이 증가한다.<br>기본 공격 2회 적중 시, 먹빛 형상이 피어나 공격한 적에게 추가로 범위 마법 피해를 입히고 먹빛을 남긴다.<br>강화 공격 적중 시, 먹빛 3중첩을 보유한 적에게 추가로 기절을 건다.<br>기절 : 행동불가 상태가 된다.",피해량 증가 : {0}%\n피해량 증가 지속시간 : {1}초\n마법 피해 : {2}%\n기절 지속시간 : {3}초,"40
12
200
3",어사이드_잉클_2.webp,나만의 새로운 이야기를,"후열 아군이 적에게 주는 피해량을 증가시키며, 후열 아군이 적에게 받는 피해량을 감소시킨다.",피해량 증가: {0}%\n받는 피해량 감소 : {1}%,"19.5
9.75","치명타,치명타 저항",,어사이드_잉클_3.webp,후열,"받는 피해량 감소, 주는 피해량 증가"
제이드,완벽한 옥,"착용자의 최대 HP, 마법 공격력, 치명타, 치명 피해가 증가한다.",최대 HP 증가 : {0}%\n마법 공격력 증가 : {1}%\n치명타 증가 : {2}%\n치명 피해 증가 : {3}%,"6
6
6
6",어사이드_제이드_1.webp,내 돈 가져가,"강화 공격 시전 확률이 증가한다.<br>비취옥에 스킬 피해량 증가, 공격 속도 증가, 최대 HP 증가, 받는 피해량 감소 효과가 추가된다.<br>비취옥 획득 시 보유 비취옥이 3중첩일 경우, 마법서의 형상을 소환해 지정된 사거리 내에서 가운데에 있는 적에게 범위 마법 피해를 입힌다.",강화 공격 시전 확률 증가 : {0}%\n1중첩시 스킬 피해량 증가 : {1}%\n1중첩시 공격 속도 증가 : {2}%\n1중첩시 기본 최대 HP 증가 : {3}%\n1중첩시 받는 피해량 감소 : {4}%\n범위 마법 피해 : {5}%,"20
33
25
25
7
700",어사이드_제이드_2.webp,마음의 양식,중열 아군이 적에게 주는 피해량을 증가시킨다.,피해량 증가 : {0}%,26,"체력,물리 방어력",,어사이드_제이드_3.webp,중열,주는 피해량 증가
죠안,교주일지,"착용자의 최대 HP, 물리 방어력, 마법 방어력, 치명타 저항, 치명 피해 저항이 증가한다.",최대 HP 증가 : {0}%\n물리 방어력 증가 : {1}%\n마법 방어력 증가 : {2}%\n치명타 저항 증가 : {3}%\n치명 피해 저항 증가 : {4}%,"6
6
6
6
6",어사이드_죠안_1.webp,요정 강림,"분산 효과 종료 시, 분산 효과를 받은 모든 아군의 HP를 회복시킨다. 고학년 스킬 사용 시, 적에게 기절을 건다. 꿈결 형상 상태 시, 자신의 공격 속도가 증가한다.<br>기절 : 행동불가 상태가 된다.",HP 회복 : 아군 최대 HP의 {0}%\n기절 지속시간 : {1}초\n공격 속도 증가 : {2}%,"20
6
30",어사이드_죠안_2.webp,은혜 갚은 죠안,"모든 아군이 적에게 주는 피해량을 증가시키고, 모든 아군이 적에게 받는 피해량을 감소시킨다.",피해량 증가: {0}%\n받는 피해량 감소 : {1}%,"15
7.5","치명 피해,치명타 저항",,어사이드_죠안_3.webp,전체,"받는 피해량 감소, 주는 피해량 증가"
쥬비,,,,,어사이드_쥬비_1.webp,,,,,어사이드_쥬비_2.webp,,,,,,,어사이드_쥬비_3.webp,,
쵸피,,,,,어사이드_쵸피_1.webp,,,,,어사이드_쵸피_2.webp,,,,,,,어사이드_쵸피_3.webp,,
카렌,,,,,어사이드_카렌_1.webp,,,,,어사이드_카렌_2.webp,,,,,,,어사이드_카렌_3.webp,,
칸나,완벽한 휴가,"착용한 사도의 최대 HP, 물리 공격력, 치명타, 치명 피해가 증가한다.",최대 HP 증가 : {0}%\n물리 공격력 증가 : {1}%\n치명타 증가 : {2}%\n치명 피해 증가 : {3}%,"6
6
6
6",어사이드_칸나_1.webp,명포수의 칸나,"강화 공격 시전 확률이 증가하고, 고학년 스킬 사용 후 적에게 받는 피해량이 감소한다.",강화 공격 시전 확률 증가 : {0}%\n받는 피해량 감소 : {1}%\n받는 피해량 감소 지속 시간 : {2}초,"7.5
25
6",어사이드_칸나_2.webp,후발대 지원 바람,후열 아군이 적에게 받는 피해량이 감소한다.,받는 피해량 감소 : {0}%,18,"치명 피해,물리 방어력",,어사이드_칸나_3.webp,후열,받는 피해량 감소
칸타,,,,,어사이드_칸타_1.webp,,,,,어사이드_칸타_2.webp,,,,,,,어사이드_칸타_3.webp,,
캐시,구원의 손길,"착용자의 최대 HP, 물리 공격력, 치명타, 치명 피해가 증가한다.",최대 HP 증가 : {0}%\n물리 공격력 증가 : {1}%\n치명타 증가 : {2}%\n치명 피해 증가 : {3}%,"6
6
6
6",어사이드_캐시_1.webp,유령 잡는 엘프,"기본 공격 적중 시, SP를 회복한다. 고학년 스킬 사용 후, 날아간 자리에 불가사의한 현상이 일어나 주변 적들에게 3회 범위 물리 피해를 입히고 공격 속도와 SP를 감소시킨다.",SP 회복량 : {0}\n총 물리 피해 : {1}%\n공격 속도 감소 : {2}%\n공격 속도 감소 지속시간 : {3}초\n총 SP 감소량 : {4},"24
1200
75
6
300",어사이드_캐시_2.webp,캐시가방에들어가신다,"후열 아군이 적에게 주는 피해량을 증가시키며, 후열 아군이 적에게 받는 피해량을 감소시킨다.",피해량 증가 : {0}%\n받는 피해량 감소 : {1}%,"19.5
9.75","치명타,치명 피해 저항",,어사이드_캐시_3.webp,후열,"받는 피해량 감소, 주는 피해량 증가"
캬롯,쑥쑥 자라라!,"착용자의 최대 HP, 물리 방어력, 마법 방어력, 치명타 저항, 치명 피해 저항이 증가한다.",최대 HP 증가 : {0}%\n물리 방어력 증가 : {1}%\n마법 방어력 증가 : {2}%\n치명타 저항 증가 : {3}%\n치명 피해 저항 증가 : {4}%,"6
6
6
6
6",어사이드_캬롯_1.webp,당근 신선도 유지,강화 공격에 보호막이 추가된다.,보호막 : 최대 HP의 {0}%\n보호막 지속시간 : {1}초,"35
6",어사이드_캬롯_2.webp,아이스 당근당근,후열 아군이 적에게 주는 피해량을 증가시킨다.,피해량 증가 : {0}%,26,"마법 공격력,치명타",,어사이드_캬롯_3.webp,후열,주는 피해량 증가
코미,코미버터의 낮잠시간,"착용자의 최대 HP, 물리 방어력, 마법 방어력, 치명타 저항, 치명 피해 저항이 증가한다.",최대 HP 증가 : {0}%\n물리 방어력 증가 : {1}%\n마법 방어력 증가 : {2}%\n치명타 저항 증가 : {3}%\n치명 피해 저항 증가 : {4}%,"6
6
6
6
6",어사이드_코미_1.webp,최고급 프리미엄 특제 사료,"기본 공격 적중 시 SP를 회복한다. 고학년 스킬의 재사용 대기시간이 감소한다.<br>저학년 스킬 발동 시, 4초 동안 자신의 HP가 12% 미만으로 내려가지 않는다.<br>고학년 스킬 발동 시, 일정 시간 동안 매초 HP를 회복하고, 모든 아군의 공격 속도를 증가시킨다.",SP 회복량 : {0}\n재사용 대기시간 감소 : {1}초\n지속 HP 회복 : 최대 HP의 {2}%\n공격 속도 증가 : {3}%\n회복 및 공격 속도 증가 지속 시간 : {4}초,"24
16
3
60
12",어사이드_코미_2.webp,코미랑 같이 놀자,모든 아군이 적에게 받는 피해량을 감소시킨다.,받는 피해량 감소 : {0}%,10,"물리 공격력,치명 피해 저항",,어사이드_코미_3.webp,전체,받는 피해량 감소
코미(수영복),과다 섭취 주의,"착용자의 최대 HP, 물리 방어력, 마법 방어력, 치명타 저항, 치명 피해 저항이 증가한다.",최대 HP 증가 : {0}%\n물리 방어력 증가 : {1}%\n마법 방어력 증가 : {2}%\n치명타 저항 증가 : {3}%\n치명 피해 저항 증가 : {4}%,"6
6
6
6
6",어사이드_코미(수영복)_1.webp,걸작 탄생,"전투 시 강화 공격이 추가된다. 두 번째 공격 대신 간이 가판대를 설치하고 남은 HP 비율이 가장 낮은 아군 4명에게 특제 코미 주스를 판매한다. 특제 코미 주스는 아군의 HP를 회복시키고 일정 시간 동안 받는 피해량을 감소시킨다.<br>저학년 스킬이 추가로 HP를 회복시키고, 스킬 피해량 증가 수치가 2배 증가한다.",HP 회복 : 최대 HP의 {0}%\n받는 피해량 감소 : {1}%\n받는 피해량 감소 지속시간 : {2}초\n저학년 스킬 추가 HP 회복 : 최대 HP의 {3}%,"25
30
5
8",어사이드_코미(수영복)_2.webp,조기 매진! 코사장 성공 신화,"중열 아군이 적에게 주는 피해량이 증가하며, 중열 아군이 적에게 받는 피해량이 감소한다.",피해량 증가 : {0}%\n받는 피해량 감소 : {1}%,"19.5
9.75","체력,물리 방어력",,어사이드_코미(수영복)_3.webp,중열,"받는 피해량 감소, 주는 피해량 증가"
큐이,,,,,어사이드_큐이_1.webp,,,,,어사이드_큐이_2.webp,,,,,,,어사이드_큐이_3.webp,,
클로에,셀러브리티 클로에,"착용자의 최대 HP, 물리 방어력, 마법 방어력, 치명타 저항, 치명 피해 저항이 증가한다.",최대 HP 증가 : {0}%\n물리 방어력 증가 : {1}%\n마법 방어력 증가 : {2}%\n치명타 저항 증가 : {3}%\n치명 피해 저항 증가 : {4}%,"6
6
6
6
6",어사이드_클로에_1.webp,F/W 클로에룩,"기절과 변이에 면역이 된다. 공격 속도가 증가하고, 매 초마다 HP를 회복한다. 직접 피해로 피격되면 고학년 스킬의 재사용 대기시간이 감소하고, 일정 확률로 주변 적들에게 범위 마법 피해를 입히고 받는 피해량을 증가시킨다.<br>기절 : 행동불가 상태가 된다.<br>변이 : 사물로 변경되며 행동불가 상태가 된다.<br>직접 피해 : 상태이상 피해, 반사 피해, 저주 피해, 분산 피해를 제외한 직접 공격에 의한 피해를 의미한다.",공격 속도 증가 : {0}%\nHP 회복 : 최대 HP의 {1}%\n재사용 대기시간 감소 : {2}초\n마법 피해 : {3}%\n받는 피해량 증가 : {4}%\n받는 피해량 증가 지속시간 : {5}초,"7
1.25
1
350
30
6",어사이드_클로에_2.webp,런웨이 오프닝,"전열 아군이 적에게 주는 피해량을 증가시키고, 전열 아군이 적에게 받는 피해량을 감소시킨다.",피해량 증가 : {0}%\n받는 피해량 감소 : {1}%,"19.5
9.75","물리 공격력,치명타 저항",,어사이드_클로에_3.webp,전열,"받는 피해량 감소, 주는 피해량 증가"
키디언,밤하늘의 별자리,"착용자의 최대 HP, 물리 공격력, 치명타, 치명 피해가 증가한다.",최대 HP 증가 : {0}%\n물리 공격력 증가 : {1}%\n치명타 증가 : {2}%\n치명 피해 증가 : {3}%,"6
6
6
6",어사이드_키디언_1.webp,아웃사이더 헤딩,"저학년 스킬 사용 시, 슈퍼 박치기로 매섭게 달려들어 공격 횟수가 1회 증가한다.",,,어사이드_키디언_2.webp,내가 빛내줄게…,"모든 아군이 적에게 주는 피해량을 증가시키며, 모든 아군이 적에게 받는 피해량을 감소시킨다.",피해량 증가: {0}%\n받는 피해량 감소 : {1}%,"15
7.5","체력,마법 방어력",,어사이드_키디언_3.webp,전체,"받는 피해량 감소, 주는 피해량 증가"
타이다,,,,,어사이드_타이다_1.webp,,,,,어사이드_타이다_2.webp,,,,,,,어사이드_타이다_3.webp,,
티그,디아나의 수제자,"착용자의 최대 HP, 물리 공격력, 치명타, 치명 피해가 증가한다.",최대 HP 증가 : {0}%\n물리 공격력 증가 : {1}%\n치명타 증가 : {2}%\n치명 피해 증가 : {3}%,"6
6
6
6",어사이드_티그_1.webp,참스승 디아나,"티그, 루포, 베니가 적에게 주는 피해량, 공격 속도가 증가한다. 오버드라이브 발동 시, 일정 시간동안 무적이 된다.<br>무적 : 모든 피해 및 디버프에 면역이 된다.",피해량 증가 : {0}%\n공격 속도 증가 : {1}%\n무적 지속시간 : {2}초,"25
20
3",어사이드_티그_2.webp,차기 촌장 티그,모든 아군이 적에게 받는 피해량을 감소시킨다.,받는 피해량 감소 : {0}%,10,"체력,물리 방어력",,어사이드_티그_3.webp,전체,받는 피해량 감소
티그(영웅),전설의 명검,"착용자의 최대 HP, 물리 공격력, 치명타, 치명 피해가 증가한다.",최대 HP 증가 : {0}%\n물리 공격력 증가 : {1}%\n치명타 증가 : {2}%\n치명 피해 증가 : {3}%,"6
6
6
6",어사이드_티그(영웅)_1.webp,험난한 영웅의 길,"광기 성격이 용기로 승격된다. 상성이 유리한 성격에게 주는 피해량이 50% 추가되고, 용기와 광기 성격 아군의 최대 HP, 치명타, 치명 피해를 증가시킨다.<br>고학년 스킬 사용 후, 영웅심이 솟아나 일정 시간 동안 기본 공격 적중 시 아래 효과가 추가된다. 추가 효과는 적중할 때마다 지정된 순서에 따라 변경된다.<br>첫 번째 효과 : 기절을 건다.<br>두 번째 효과 : 추가로 범위 물리 피해를 입힌다.<br>세 번째 효과 : 자신 주변 아군의 HP를 회복한다.<br>기절 : 행동불가 상태가 된다.",최대 HP 증가 : {0}%\n치명타 증가 : {1}%\n치명 피해 증가 : {2}%\n영웅심 지속시간 : {3}초\n기절 지속시간 : {4}초\n추가 범위 물리 피해 : {5}%\nHP 회복 : 최대 HP의 {6}%,"7.5
15
15
20
2
600
7",어사이드_티그(영웅)_2.webp,그 스승에 그 제자,"모든 아군이 적에게 주는 피해량이 증가하고, 모든 아군이 적에게 받는 피해량이 감소한다.",피해량 증가 : {0}%\n받는 피해량 감소 : {1}%,"22.5
6","치명 피해,치명 피해 저항",,어사이드_티그(영웅)_3.webp,전체,"받는 피해량 감소, 주는 피해량 증가"
파트라,,,,,어사이드_파트라_1.webp,,,,,어사이드_파트라_2.webp,,,,,,,어사이드_파트라_3.webp,,
페스타,갓 오브 뮤직!,"착용자의 최대 HP, 물리 방어력, 마법 방어력, 치명타 저항, 치명 피해 저항이 증가한다.",최대 HP 증가 : {0}%\n물리 방어력 증가 : {1}%\n마법 방어력 증가 : {2}%\n치명타 저항 증가 : {3}%\n치명 피해 저항 증가 : {4}%,"6
6
6
6
6",어사이드_페스타_1.webp,나락도 락이다!,"일반 공격으로 적이 처치되지 않을 경우, 자신의 공격 속도가 증가한다. (최대 99%까지 증가)",공격 속도 증가 : {0}%,9,어사이드_페스타_2.webp,역조공 이벤트!,"모든 아군이 적에게 주는 피해량을 증가시키며, 모든 아군이 적에게 받는 피해량을 감소시킨다.",피해량 증가: {0}%\n받는 피해량 감소 : {1}%,"7
3.5","물리 공격력,치명타","+124,+120",어사이드_페스타_3.webp,전체,"받는 피해량 감소, 주는 피해량 증가"
포셔,포션 장인 포셔,"착용자의 최대 HP, 마법 공격력, 치명타, 치명 피해가 증가한다.",최대 HP 증가 : {0}%\n마법 공격력 증가 : {1}%\n치명타 증가 : {2}%\n치명 피해 증가 : {3}%,"6
6
6
6",어사이드_포셔_1.webp,임상실험 대성공,"저학년 스킬 사용 후, 후열 아군의 SP를 회복시킨다. 고학년 스킬에 변이가 1명 더 추가된다.",SP 회복량 : {0},24,어사이드_포셔_2.webp,신약 혁명,모든 아군의 치명타 저항과 치명 피해 저항을 증가시킨다.,치명타 저항 증가 : {0}%\n치명 피해 저항 증가 : {1}%,"7.5
7.5","치명 피해,치명 피해 저항",,어사이드_포셔_3.webp,전체,"치명 피해 저항 증가, 치명타 저항 증가"
폴랑,나도 소녀랍니다,"착용자의 최대 HP, 물리 방어력, 마법 방어력, 치명타 저항, 치명 피해 저항이 증가한다.",최대 HP 증가 : {0}%\n물리 방어력 증가 : {1}%\n마법 방어력 증가 : {2}%\n치명타 저항 증가 : {3}%\n치명 피해 저항 증가 : {4}%,"6
6
6
6
6",어사이드_폴랑_1.webp,폴랑 버스터,"강화 공격 적중 시 적의 방어력을 감소시킨다.<br>고학년 스킬 사용 시 등장하는 대포가 3개로 증가한다. 포격에 맞은 적은 기절에 걸리고, 아군은 주는 피해량이 증가한다.<br>기절 : 행동불가 상태가 된다.",모든 방어력 감소량 : {0}\n모든 방어력 감소 지속시간 : {1}초\n기절 지속시간 : {2}초\n피해량 증가 : {3}%\n피해량 증가 지속시간 : {4}초,"300
2
1.5
30
6",어사이드_폴랑_2.webp,에르피엔 진군깃발,모든 아군이 적에게 주는 피해량이 증가한다. 모든 아군이 적에게 받는 피해량이 감소한다.,피해량 증가 : {0}%\n받는 피해량 감소 : {1}%,"15
7.5","치명타,치명 피해 저항",,어사이드_폴랑_3.webp,전체,"받는 피해량 감소, 주는 피해량 증가"
프리클,나의 애제자 피코라,"착용자의 최대 HP, 마법 공격력, 치명타, 치명 피해가 증가한다.",최대 HP 증가 : {0}%\n마법 공격력 증가 : {1}%\n치명타 증가 : {2}%\n치명 피해 증가 : {3}%,"6
6
6
6",어사이드_프리클_1.webp,마녀의 힘은 대단했다!,"강화 공격으로 소환한 촉수의 피해가 2배 증가하고, 시전 확률이 증가한다. 고학년 스킬에 방어력 감소 효과가 추가된다.",강화 공격 시전 확률 증가 : {0}%\n모든 방어력 감소량 : {1}\n모든 방어력 감소 지속시간 : {2}초,"7.5
3250
7",어사이드_프리클_2.webp,스승 프리클의 가르침,모든 아군이 적에게 주는 피해량이 증가한다.,피해량 증가: {0}%,22.5,"치명 피해,치명타 저항",,어사이드_프리클_3.webp,전체,주는 피해량 증가
피라,우정의 징표,"착용자의 최대 HP, 물리 방어력, 마법 방어력, 치명타 저항, 치명 피해 저항이 증가한다.",최대 HP 증가 : {0}%\n물리 방어력 증가 : {1}%\n마법 방어력 증가 : {2}%\n치명타 저항 증가 : {3}%\n치명 피해 저항 증가 : {4}%,"6
6
6
6
6",어사이드_피라_1.webp,햇살 아래에서,"저학년 스킬 적중 시 공격한 적의 치명타 저항을 감소시킨다.<br>고학년 스킬 재사용 대기시간이 감소한다.<br>고학년 스킬 사용 후 남은 HP 비율이 가장 낮은 아군 3명에게 경품을 뿌린다. 경품을 받은 아군의 HP를 회복시키고, 치명타와 치명 피해를 증가시킨다.","치명타 저항 감소 : {0}%\n치명타 저항 감소 지속시간 : {1}초\n고학년 스킬 재사용 대기시간 감소 : {2}초\nHP 회복 : 최대 HP의 {3}%\n치명타, 치명 피해 증가 : {4}%\n치명타, 치명 피해 증가 지속시간 : {5}초","15
8
12
45
25
15",어사이드_피라_2.webp,반짝반짝 우리 사이,모든 아군의 치명타와 치명 피해를 증가시킨다.,치명타 증가 : {0}%\n치명 피해 증가 : {1}%,"7.5
7.5","치명 피해,치명타 저항",,어사이드_피라_3.webp,전체,"치명 피해 증가, 치명타 증가"
피코라,쇼핑왕 피코라,"착용자의 최대 HP, 물리 방어력, 마법 방어력, 치명타 저항, 치명 피해 저항이 증가한다.",최대 HP 증가 : {0}%\n물리 방어력 증가 : {1}%\n마법 방어력 증가 : {2}%\n치명타 저항 증가 : {3}%\n치명 피해 저항 증가 : {4}%,"6
6
6
6
6",어사이드_피코라_1.webp,피코라 스티커는 덤!,"강화 공격 후, 일정 시간동안 남은 HP 비율이 가장 낮은 아군 2명에게 피코라 스티커를 붙인다. 피코라 스티커는 HP를 2번 회복시키고, 피해량을 증가시킨다. 고학년 스킬 재사용 대기시간이 감소한다.",피코라 스티커 지속 시간 : {0}초\nHP 회복 : 최대 HP의 {1}%\n피해량 증가 : {2}%\n재사용 대기시간 감소 : {3}초,"8
10
16
8",어사이드_피코라_2.webp,모여라 패션 피플,모든 아군이 적에게 받는 피해량을 감소시킨다.,받는 피해량 감소 : {0}%,10,"마법 공격력,치명타 저항",,어사이드_피코라_3.webp,전체,받는 피해량 감소
하이디,특종 패스,"착용자의 최대 HP, 물리 공격력, 치명타, 치명 피해가 증가한다.",최대 HP 증가 : {0}%\n물리 공격력 증가 : {1}%\n치명타 증가 : {2}%\n치명 피해 증가 : {3}%,"6
6
6
6",어사이드_하이디_1.webp,특종을 위해서라면…!,"잠입 취재 중! 상태에 공격 속도 증가 효과가 추가된다.<br>적 처치 시 고학년 스킬 재사용 대기 시간이 감소한다.<br>잠입 취재 중! : 기본 공격이 변경된다. 기본 공격 피해량이 증가하며, SP 회복이 중단된다.",공격 속도 증가 : {0}%\n고학년 스킬 재사용 대기 시간 감소 : {1}초,"40
10",어사이드_하이디_2.webp,목표 포착!,후열 아군이 적에게 받는 피해량이 감소한다.,받는 피해량 감소 : {0}%,18,"치명 피해,마법 방어력",,어사이드_하이디_3.webp,후열,받는 피해량 감소
헤일리,우주 전함 헤일리,"착용자의 최대 HP, 물리 공격력, 치명타, 치명 피해가 증가한다.",최대 HP 증가 : {0}%\n물리 공격력 증가 : {1}%\n치명타 증가 : {2}%\n치명 피해 증가 : {3}%,"6
6
6
6",어사이드_헤일리_1.webp,지구를 항해 중,"저학년 스킬 사용 후, 자신과 남은 HP 비율이 가장 낮은 아군에게 보호막을 부여한다. 고학년 스킬 사용 시, 군함이 소환된다. 군함은 전방의 적들에게 포탄을 6개 떨어뜨려 범위 물리 피해를 입힌다.",보호막 : 최대 HP의 {0}%\n보호막 지속시간 : {1}초\n아군 보호막 : 최대 HP의 {2}%\n아군 보호막 지속시간 : {3}초\n포탄당 물리 피해 : {4}%,"40
6
40
6
275",어사이드_헤일리_2.webp,아군기지 보호작전,모든 아군이 적에게 받는 피해량을 감소시킨다.,받는 피해량 감소 : {0}%,10,"물리 공격력,치명타 저항",,어사이드_헤일리_3.webp,전체,받는 피해량 감소
힐데,자가치료,"착용자의 최대 HP, 물리 방어력, 마법 방어력, 치명타 저항, 치명 피해 저항이 증가한다.",최대 HP 증가 : {0}%\n물리 방어력 증가 : {1}%\n마법 방어력 증가 : {2}%\n치명타 저항 증가 : {3}%\n치명 피해 저항 증가 : {4}%,"6
6
6
6
6",어사이드_힐데_1.webp,의료인 보호법,강화 공격에 피해량 증가 버프와 보호막이 추가된다.,피해량 증가 : {0}%\n피해량 증가 지속시간 : {1}초\n보호막 : 최대 HP의 {2}%\n보호막 지속시간 : {3}초,"25
6
40
6",어사이드_힐데_2.webp,온천의 효능,모든 아군이 적에게 받는 마법 피해량이 감소한다.,받는 마법 피해량 감소 : {0}%,17,"마법 공격력,치명타 저항",,어사이드_힐데_3.webp,전체,받는 마법 피해량 감소
헤일리(멀쩡),낯선 과거,"착용자의 최대 HP, 물리 방어력, 마법 방어력, 치명타 저항, 치명 피해 저항이 증가한다.",최대 HP 증가 : {0}%\n물리 방어력 증가 : {1}%\n마법 방어력 증가 : {2}%\n치명타 저항 증가 : {3}%\n치명 피해 저항 증가 : {4}%,"6
6
6
6
6",어사이드_헤일리(멀쩡)_1.webp,잊을 수 없는 기억,"웨이브 시작 시, 극복의 훈장을 4개 획득한다.<br>저학년 스킬 사용 후, 모든 아군의 HP를 회복시킨다.<br>고학년 스킬의 보급품이 떨어질 때 일정 시간 동안 자신을 제외한 모든 아군의 고학년 스킬 재사용 대기시간을 감소시킨다.<br>아군이 부여하는 고학년 스킬 재사용 대기시간을 일정 비율로 감소시키는 효과는 가장 높은 효과만 적용된다.<br>(교주의 권능, 초 단위 감소 효과는 해당되지 않는다.)<br>",HP 회복 : 최대 HP의 {0}%\n고학년 스킬 재사용 대기시간 감소 : {1}%\n고학년 스킬 재사용 대기시간 감소 지속시간 : {2}초,"10
20
30",어사이드_헤일리(멀쩡)_2.webp,찬란한 한때,모든 아군의 최대 HP를 증가시킨다.,최대 HP 증가 : {0}%,22,"체력,물리 방어력",,어사이드_헤일리(멀쩡)_3.webp,전체,최대 HP 증가
