name,role,low_grade,high_grade,low_desc,high_desc,tier,note,image,line,personality,star,Eldyne,atk_type,has_aside
가비아,서포터,~ Lv. 10+,~ Lv. 10+,"보호막 계수 <span style=""color:#3588F0; font-weight:800; margin-left:4px;"">UP</span><br>","아군에게 부여한 무적 지속 시간 <span style=""color:#3588F0; font-weight:800; margin-left:4px;"">UP</span><br>",[2]성격덱,"보호막과 무적으로 아군의 생존력을 강화하는 서포터입니다.<br>2★ 사도이기 때문에 육성 부담이 적어 초반에 사용하기 좋으나, 어사이드가 없고 체급이 낮은 편이라 초반에만 잠깐 쓰시길 추천드립니다 ",images/가비아.png,중열,순수,2,,마법,FALSE
그윈,서포터,~ Lv. 10+,~ Lv. 10+,"적 주는 피해 감소 디버프 계수 <span style=""color:#3588F0; font-weight:800; margin-left:4px;"">UP</span><br>","피해 계수 <span style=""color:#3588F0; font-weight:800; margin-left:4px;"">UP</span><br>",[2]성격덱,,images/그윈.png,전열,냉정,3,,마법,TRUE
나이아,서포터,~ Lv. 10+,~ Lv. 10+,"회복 계수 <span style=""color:#3588F0; font-weight:800; margin-left:4px;"">UP</span><br>","회복 계수 <span style=""color:#3588F0; font-weight:800; margin-left:4px;"">UP</span><br>",[2]성격덱,,images/나이아.png,중열,순수,3,,마법,TRUE
네르,서포터,~ Lv. 10+,~ Lv. 7+,"파티 피해량 증가 버프 계수 <span style=""color:#3588F0; font-weight:800; margin-left:4px;"">UP</span><br> ","피해 계수 <span style=""color:#3588F0; font-weight:800; margin-left:4px;"">UP</span><br>파티 치명 피해 증가 버프 계수 <span style=""color:#3588F0; font-weight:800; margin-left:4px;"">UP</span><br>",[1]메타픽,"저학년으로 전체 피해량 증가를 부여하는 강력한 버퍼입니다.<br>애착 아티팩트는 필수이며, 장착 시 저학년 피해량 증가 버프가 더욱 상승하고 기초 공격력 스테이터스까지 증가시킵니다.<br>고학년 치명피해 버프는 사용처가 적으니 저학년 스킬을 우선 강화하길 권장합니다.   ",images/네르.png,전열,광기,3,,마법,TRUE
네티,탱커,~ Lv. 10+,~ Lv. 7+,"보호막 계수 <span style=""color:#3588F0; font-weight:800; margin-left:4px;"">UP</span><br>파티 방어력 증가 계수 <span style=""color:#3588F0; font-weight:800; margin-left:4px;"">UP</span><br>","본인 공속 증가 버프 계수 <span style=""color:#3588F0; font-weight:800; margin-left:4px;"">UP</span><br>",[1]메타픽,"저학년으로 전체 보호막을 부여, 아군 보호에 특화된 탱커입니다.<br>A2를 발현해야 보호막 외의 버프를 부여할 수 있어서 버프 가동률을 높여주는 고학년은 발현 전까지 거의 쓰지 않습니다.<br>저학년을 우선 강화해주세요.",images/네티.png,전열,광기,3,,물리,TRUE
다야,딜러,~ Lv. 10+,~ Lv. 10+,"피해 계수 <span style=""color:#3588F0; font-weight:800; margin-left:4px;"">UP</span><br>","피해 계수 <span style=""color:#3588F0; font-weight:800; margin-left:4px;"">UP</span><br>",[3]메타 부적합,,images/다야.png,후열,순수,3,,마법,TRUE
다야(퓨어샤인),서포터,~ Lv. 10+,~ Lv. 7+,"보호막 계수 <span style=""color:#3588F0; font-weight:800; margin-left:4px;"">UP</span><br>","피해 계수 <span style=""color:#3588F0; font-weight:800; margin-left:4px;"">UP</span><br>",[2]성격덱,,images/다야(퓨어샤인).png,중열,광기,3,,마법,TRUE
델리아,딜러,~ Lv. 10+,~ Lv. 10+,"피해 계수 <span style=""color:#3588F0; font-weight:800; margin-left:4px;"">UP</span><br>","피해 계수 <span style=""color:#3588F0; font-weight:800; margin-left:4px;"">UP</span><br>",[2]성격덱,"침묵과 기절로 적을 방해하는 PvP용의 딜러입니다.<br>어사이드 효과가 생존에 필수라서 의존도가 높다는 점, 현재 순수 성격이 줘팸터에서 열세라는 점이 발목을 잡습니다.<br>쓰신다면 두 스킬 모두 10레벨 이상을 권장드립니다. ",images/델리아.png,전열,순수,3,,물리,TRUE
디아나,서포터,~ Lv. 10+,~ Lv. 7+,"피해 계수 <span style=""color:#3588F0; font-weight:800; margin-left:4px;"">UP</span><br>","회복 계수 <span style=""color:#3588F0; font-weight:800; margin-left:4px;"">UP</span><br>",[3]메타 부적합,,images/디아나.png,중열,광기,3,,물리,TRUE
디아나(왕년),딜러,~ Lv. 10+,~ Lv. 10+,"피해 계수 <span style=""color:#3588F0; font-weight:800; margin-left:4px;"">UP</span><br>","피해 계수 <span style=""color:#3588F0; font-weight:800; margin-left:4px;"">UP</span><br>",[1]메타픽,"모든 컨텐츠에서 활약하는 일반 공격 + 스킬 하이브리드 딜러입니다.<br>저학년 고학년 모두 강화 시 피해 계수만 올라가며, 특히 저학년은 증가폭이 낮아 고학년 위주로 올리길 권장합니다.",images/디아나(왕년).png,전열,냉정,3,몽환살이,물리,TRUE
라이카,딜러,~ Lv. 7+,~ Lv. 10+,"아군 받는 마법 피해 감소 버프 계수 <span style=""color:#3588F0; font-weight:800; margin-left:4px;"">UP</span><br>","피해 계수 <span style=""color:#3588F0; font-weight:800; margin-left:4px;"">UP</span><br>본인 공격 속도 증가 버프 계수<span style=""color:#3588F0; font-weight:800; margin-left:4px;"">UP</span><br>",[3]메타 부적합,,images/라이카.png,전열,순수,3,,물리,TRUE
란,딜러,~ Lv. 10+,~ Lv. 10+,"피해 계수 <span style=""color:#3588F0; font-weight:800; margin-left:4px;"">UP</span><br>","피해 계수 <span style=""color:#3588F0; font-weight:800; margin-left:4px;"">UP</span><br>",[3]메타 부적합,"누킹딜이 핵심인 딜러입니다.<br>A2발현시 피해량 감소 디버프로 아군의 유지력에도 기여하지만,<br>후열 딜러 자리 경쟁이 치열하고 엘다인 특유의 육성 난이도로 인해 육성이 추천되지 않습니다.<br>쓴다면 양 스킬 모두 10레벨을 권장드립니다.",images/란.png,후열,순수,3,몽환살이,마법,TRUE
레비,딜러,~ Lv. 7+,~ Lv. 7+,"피해 계수 <span style=""color:#3588F0; font-weight:800; margin-left:4px;"">UP</span><br>","피해 계수 <span style=""color:#3588F0; font-weight:800; margin-left:4px;"">UP</span><br>",[3]메타 부적합,"범위 물리 피해를 입히는 고학년 스킬이 핵심인 사도입니다.<br>애착 아티팩트 레비의 단도 장착 시 고학년이 두 번 발동합니다. 생존,딜링 양면을 위해서 애착 아티팩트는 필수입니다.<br>고학년이 딜 지분의 8할은 차지하므로 기용한다면 고학년 스킬을 우선 강화하길 권장합니다.",images/레비.png,중열,우울,2,,물리,FALSE
레이지,딜러,~ Lv. 7-,~ Lv. 7-,"피해 계수 <span style=""color:#3588F0; font-weight:800; margin-left:4px;"">UP</span><br>","피해 계수 <span style=""color:#3588F0; font-weight:800; margin-left:4px;"">UP</span><br>",[4]태생 1성,1성 사도들은 사실상 전혀 사용하지 않습니다.<br>육성하지 않길 권고드립니다.,images/레이지.png,후열,냉정,1,,물리,FALSE
레테,탱커,~ Lv. 7-,~ Lv. 7-,"자힐 회복 계수 <span style=""color:#3588F0; font-weight:800; margin-left:4px;"">UP</span><br>","피해 계수 <span style=""color:#3588F0; font-weight:800; margin-left:4px;"">UP</span><br>",[3]메타 부적합,"태생 2성에 어사이드도 없고, 특출난 점도 없는 탱커라서 육성이 추천되지 않습니다.<br>다만 일반 공격 계수가 640%나 되기 때문에 타임어택 콘텐츠에 기용되긴 하지만, 이런 경우에도 스킬은 육성하지 않길 권고드립니다.",images/레테.png,전열,냉정,2,,물리,FALSE
로네,탱커,~ Lv. 7-,~ Lv. 7-,"본인 및 아군 1명 받는 피해량 감소 버프 계수 <span style=""color:#3588F0; font-weight:800; margin-left:4px;"">UP</span><br>","적 공격력 감소 디버프 계수 <span style=""color:#3588F0; font-weight:800; margin-left:4px;"">UP</span><br>",[3]메타 부적합,"도발과 광역 피해량 감소 디버프로 아군 보호에 특화된 탱커입니다.<br>어사이드가 없는 2성사도라 체급 부족으로 현재는 채용하지 않습니다.<br>굳이 쓴다면 스킬 강화는 7레벨 이하로만 하고, 초반에만 잠시 쓰다가 다른 사도로 교체해주세요.",images/로네.png,전열,순수,2,,물리,FALSE
로네(시장),딜러,~ Lv. 10+,~ Lv. 10+,"피해 계수 <span style=""color:#3588F0; font-weight:800; margin-left:4px;"">UP</span><br>","피해 계수 <span style=""color:#3588F0; font-weight:800; margin-left:4px;"">UP</span><br>",[2]성격덱,"중후열 아군에게 물리 공격력 버프를 주는 광역딜러입니다.<br>특히 시온과 궁합이 좋은 편이나 현재 자리 경쟁으로 PvE, PvP 모두 애매한 입지입니다.<br>사용한다면 양 스킬 모두 강화하길 권장합니다",images/로네(시장).png,중열,우울,3,,물리,TRUE
롤렛,서포터,~ Lv. 10+,~ Lv. 7+,"아군 고학년 쿨타임 감소 버프 계수 <span style=""color:#3588F0; font-weight:800; margin-left:4px;"">UP</span><br>","피해 계수 <span style=""color:#3588F0; font-weight:800; margin-left:4px;"">UP</span><br>",[1]메타픽,귀중한 고학년 재사용 대기시간 감소를 가진 서포터입니다.<br>해당 효과를 가진 저학년을 우선 강화하시면 됩니다.<br>A2 발현 시 저학년에 변이/SP 감소+ 회복 중단/공격력+공격 속도 감소 중 하나를 무작위로 부여할 수 있습니다.,images/롤렛.png,후열,광기,3,,마법,TRUE
루드,탱커,~ Lv. 7+,~ Lv. 7+,"피해 계수 <span style=""color:#3588F0; font-weight:800; margin-left:4px;"">UP</span><br>","피해 계수 <span style=""color:#3588F0; font-weight:800; margin-left:4px;"">UP</span><br>",[3]메타 부적합,,images/루드.png,전열,활발,3,,물리,TRUE
루포,딜러,~ Lv. 10+,~ Lv. 10+,"피해 계수 <span style=""color:#3588F0; font-weight:800; margin-left:4px;"">UP</span><br>","피해 계수 <span style=""color:#3588F0; font-weight:800; margin-left:4px;"">UP</span><br>",[3]메타 부적합,저학년으로 후방에 침투하여 상대 후열를 견제하고 눈속임으로 생존성을 챙기는 줘팸터 특화 딜러입니다. <br>저학년 스킬은 줘팸터 환경 상 딜링보다는 유틸 중심입니다. 고학년 우선 강화를 권장합니다. ,images/루포.png,중열,활발,3,,물리,TRUE
리뉴아,딜러,~ Lv. 10+,~ Lv. 10+,"피해 계수 <span style=""color:#3588F0; font-weight:800; margin-left:4px;"">UP</span><br>","피해 계수 <span style=""color:#3588F0; font-weight:800; margin-left:4px;"">UP</span><br>파티 모션 가속 버프 계수 <span style=""color:#3588F0; font-weight:800; margin-left:4px;"">UP</span><br>",[1]메타픽,"강력한 자기버프, 유틸로 무장한 <b style=""color: #E91E63;"">유일신</b>입니다.<br>저학년에는 적 보호막 파괴와 버프 해제를 가지고 있어 PvP에서 특히 유용하며,<br>고학년에는 피해 감소 버프와 함께 유일무이한 아군 모든 모션 가속, 적 정지라는 막강한 유틸을 가지고 있어 파티의 DPS는 물론 생존력에도 기여합니다.<br>더욱이 A2 발현 시 고학년 스킬의 쿨타임이 줄어들기 때문에 육성 0순위로 둬야할 사도입니다. 특히 고학년 스킬을 최우선으로 강화합시다.",images/리뉴아.png,중열,광기,3,영원의 메아리,물리,TRUE
리스티,딜러,~ Lv. 10+,~ Lv. 10+,"피해 계수 <span style=""color:#3588F0; font-weight:800; margin-left:4px;"">UP</span><br>","피해 계수 <span style=""color:#3588F0; font-weight:800; margin-left:4px;"">UP</span><br>",[3]메타 부적합,,images/리스티.png,후열,우울,3,,물리,TRUE
리온,탱커,~ Lv. 10+,~ Lv. 7+,"자힐 회복 계수 <span style=""color:#3588F0; font-weight:800; margin-left:4px;"">UP</span><br>","피해 계수 <span style=""color:#3588F0; font-weight:800; margin-left:4px;"">UP</span><br>",[3]메타 부적합,"리온에게 가하는 피해가 감소하는 디버프 '심판' 스택을 쌓아 적의 공격을 버티는 탱커입니다.<br>심판이 3스택까지 쌓일 때까지 예열이 필요하며, 아군 보호 능력이 전무하기 때문에 크게 활약하긴 힘듭니다.<br>A2 이상이면 개전 시 일반 공격 피해량을 50% 경감하는 버프를 받기 때문에 PvE 잡몹전에서 기용할 수 있습니다.<br>유지력을 올려주는 저학년을 우선 강화합시다.",images/리온.png,전열,우울,3,,물리,TRUE
리츠,딜러,~ Lv. 10+,~ Lv. 7+,"피해 계수 <span style=""color:#3588F0; font-weight:800; margin-left:4px;"">UP</span><br>","피해 계수 <span style=""color:#3588F0; font-weight:800; margin-left:4px;"">UP</span><br>",[3]메타 부적합,,images/리츠.png,전열,광기,3,,물리,TRUE
리코타,탱커,~ Lv. 10+,~ Lv. 10+,"아군 스킬 피해량 증가 버프 계수 <span style=""color:#3588F0; font-weight:800; margin-left:4px;"">UP</span><br>회복 계수 <span style=""color:#3588F0; font-weight:800; margin-left:4px;"">UP</span><br>","피해 계수 <span style=""color:#3588F0; font-weight:800; margin-left:4px;"">UP</span><br>",[1]메타픽,A2 발현 시 배틀아이템 생성 효과로 파티 전체에 다양한 버프를 부여하는 탱포터입니다.<br>특히 배틀 아이템 '대백과'는 고학년 재사용 대기시간 감소 효과가 있어 보스 콘텐츠에서 필수 채용합니다.<br>고학년에는 적 HP 비례 데미지가 포함되어 있어 보스 콘텐츠에서 유의미한 딜을 넣을 수 있습니다. 양 스킬 모두 강화하시길 권장합니다. ,images/리코타.png,전열,냉정,3,,물리,TRUE
림,딜러,~ Lv. 10+,~ Lv. 10+,"자회복 계수 <span style=""color:#3588F0; font-weight:800; margin-left:4px;"">UP</span><br>피해 계수 <span style=""color:#3588F0; font-weight:800; margin-left:4px;"">UP</span><br>","피해 계수 <span style=""color:#3588F0; font-weight:800; margin-left:4px;"">UP</span><br>",[2]성격덱,,images/림.png,전열,우울,3,,물리,TRUE
림(혼돈),딜러,~ Lv. 10+,~ Lv. 10+,"피해 계수 <span style=""color:#3588F0; font-weight:800; margin-left:4px;"">UP</span><br>","피해 계수 <span style=""color:#3588F0; font-weight:800; margin-left:4px;"">UP</span><br>",[2]성격덱,후열 저격에 특화된 일반 공격 + 스킬 하이브리드 딜러입니다.<br> 순간 화력이 좋고 적 딜러를 우선 타격하는 특징이 있습니다. 현재는 후열 자리 경쟁에 밀려서 잘 사용되지 않습니다.<br>후열 딜러가 부족하거나 후열 저격이 필용한 경우라면 채용을 고려해볼 수 있습니다. 사용한다면 두 스킬 모두 강화하길 권장합니다. ,images/림(혼돈).png,후열,광기,3,,물리,TRUE
마고,서포터,~ Lv. 7-,~ Lv. 7-,"회복 계수 <span style=""color:#3588F0; font-weight:800; margin-left:4px;"">UP</span><br>","피해 계수 <span style=""color:#3588F0; font-weight:800; margin-left:4px;"">UP</span><br>",[3]메타 부적합,"기본 지급되는 힐러입니다.<br>힐이 달려있는 저학년 회전율이 느려도 너무 느리고, 어사이드도 없어서 사용하기 힘든 사도입니다.<br>초반에 잠시 쓰고 다른 서포터와 교체해줍시다.",images/마고.png,중열,순수,2,,마법,FALSE
마리,딜러,~ Lv. 7+,~ Lv. 7+,"피해 계수 <span style=""color:#3588F0; font-weight:800; margin-left:4px;"">UP</span><br>","피해 계수 <span style=""color:#3588F0; font-weight:800; margin-left:4px;"">UP</span><br>",[3]메타 부적합,범위 피해와 화상을 가진 딜러입니다.<br>2성이라 체급이 낮고 어사이드가 없어서 굳이 사용할 이유는 없습니다.<br>굳이 쓸 거면 적당히 7렙 정도만 올려주고 초반에 잠시 쓰다가 교체해줍시다.,images/마리.png,중열,활발,2,,물리,FALSE
마에스트로 2호,탱커,~ Lv. 7-,~ Lv. 7-,"보호막 계수 <span style=""color:#3588F0; font-weight:800; margin-left:4px;"">UP</span><br>","피해 계수 <span style=""color:#3588F0; font-weight:800; margin-left:4px;"">UP</span><br>",[3]메타 부적합,파티 전체 보호막 부여를 가지고 있어 아군 보호에 특화된 탱커입니다.<br>현재는 같은 전체 보호막을 가진 3성 탱커 네티에 밀려서 잘 사용되지 않습니다.<br>초반에만 잠시 쓰길 추천드립니다.,images/마에스트로 2호.png,전열,광기,2,,물리,TRUE
마요,딜러,~ Lv. 7+,~ Lv. 7+,"피해 계수 <span style=""color:#3588F0; font-weight:800; margin-left:4px;"">UP</span><br>","피해 계수 <span style=""color:#3588F0; font-weight:800; margin-left:4px;"">UP</span><br>",[3]메타 부적합,"모든 스킬에 중독이 붙어있는 디버퍼입니다.<br>중독 상태이상에 달린 도트 데미지와 피해 감소 디버프가 핵심이며, 어사이드도 없고 2성이라 체급이 낮아 딜 능력보다는 중독만 보고 채용합니다.<br>초반에만 잠깐 쓰시길 추천드립니다. ",images/마요.png,후열,광기,2,,물리,FALSE
마요(멋짐),딜러,~ Lv. 10+,~ Lv. 7+,"피해 계수 <span style=""color:#3588F0; font-weight:800; margin-left:4px;"">UP</span><br>","피해 계수 <span style=""color:#3588F0; font-weight:800; margin-left:4px;"">UP</span><br>",[2]성격덱,,images/마요(멋짐).png,중열,순수,3,,물리,TRUE
마카샤,딜러,~ Lv. 10+,~ Lv. 7+,"피해 계수 <span style=""color:#3588F0; font-weight:800; margin-left:4px;"">UP</span><br>","피해 계수 <span style=""color:#3588F0; font-weight:800; margin-left:4px;"">UP</span><br>",[3]메타 부적합,"저학년 스킬의 특수 효과 '운명의 시계'로 적에게 고정 피해를 입히는 딜러입니다.<br>디버프와 다수전에 취약하다는 단점이 크고 딜 능력도 기대 이하라 잘 채용하지 않습니다.<br>A2 발현 시 고학년에 추가되는 전역힐이 높은 편이라, 줘팸터에서 써봄직하나 투자 대비 효과는 미미합니다.<br>다만 최근 난이도 확장으로 고정 피해의 가치가 상승한 바, 현재 연구중에 있습니다.<br>사용한다면 저학년 위주로 강화하시길 권장드립니다.",images/마카샤.png,중열,활발,3,,마법,TRUE
메죵,딜러,~ Lv. 7-,~ Lv. 7-,"피해 계수 <span style=""color:#3588F0; font-weight:800; margin-left:4px;"">UP</span><br>","피해 계수 <span style=""color:#3588F0; font-weight:800; margin-left:4px;"">UP</span><br>",[4]태생 1성,1성 사도들은 사실상 전혀 사용하지 않습니다.<br>육성하지 않길 권고드립니다.,images/메죵.png,후열,광기,1,,물리,FALSE
멜루나,서포터,~ Lv. 7-,~ Lv. 7-,"피해 계수 <span style=""color:#3588F0; font-weight:800; margin-left:4px;"">UP</span><br>","피해 계수 <span style=""color:#3588F0; font-weight:800; margin-left:4px;"">UP</span><br>",[3]메타 부적합,"저학년으로 적에게 입힌 피해만큼 아군에게 힐을 주는 독특한 매커니즘의 힐러입니다.<br>그러나 힐러인 만큼 딜 능력이 낮고, 이는 다시 힐 부족으로 이어지는, 설계 자체에 하자가 있는 사도입니다.<br>3성 최약체로 평가되므로 웬만하면 육성하지 않길 권고드립니다.",images/멜루나.png,후열,냉정,3,,마법,TRUE
모모,딜러,~ Lv. 10+,~ Lv. 7+,"피해 계수 <span style=""color:#3588F0; font-weight:800; margin-left:4px;"">UP</span><br>분신 수 <span style=""color:#3588F0; font-weight:800; margin-left:4px;"">UP</span><br>","피해 계수 <span style=""color:#3588F0; font-weight:800; margin-left:4px;"">UP</span><br>",[1]메타픽,"저학년의 분신 소환 기능으로 파티의 탱 부담을 덜어주는 딜탱입니다.<br>특히 저학년 6레벨, 11레벨에 분신 수가 4, 5로 증가하니 A1 발현후 11렙 달성을 우선하길 권장합니다.<br>고학년을 사용하면 적 뒤로 이동, 공격 방향을 돌릴 수 있으나 타이밍이 어려운 편입니다. ",images/모모.png,후열,활발,3,,마법,TRUE
뮤트,서포터,~ Lv. 10+,~ Lv. 10+,"피해 계수 <span style=""color:#3588F0; font-weight:800; margin-left:4px;"">UP</span><br>","피해 계수 <span style=""color:#3588F0; font-weight:800; margin-left:4px;"">UP</span><br>",[1]메타픽,"분류상 서포터이지만 보스전 및 장기전에서 빛을 발하는 딜러입니다.<br>다만 대충돌 2.0, 프론티어 외의 콘텐츠에서는 입지가 애매합니다.<br>두 스킬 모두 최대한 강화하길 권장드립니다.",images/뮤트.png,후열,순수,3,,마법,TRUE
미로,탱커,~ Lv. 10+,~ Lv. 7+,"회복 계수 <span style=""color:#3588F0; font-weight:800; margin-left:4px;"">UP</span><br>","피해 계수 <span style=""color:#3588F0; font-weight:800; margin-left:4px;"">UP</span><br>",[2]성격덱,,images/미로.png,전열,활발,3,,물리,TRUE
밍스,딜러,~ Lv. 7-,~ Lv. 7-,"피해 계수 <span style=""color:#3588F0; font-weight:800; margin-left:4px;"">UP</span><br>","피해 계수 <span style=""color:#3588F0; font-weight:800; margin-left:4px;"">UP</span><br>",[4]태생 1성,1성 사도들은 사실상 전혀 사용하지 않습니다.<br>육성하지 않길 권고드립니다.,images/밍스.png,전열,활발,1,,물리,FALSE
바나,서포터,~ Lv. 7+,~ Lv. 7+,"후열 보호막 계수 <span style=""color:#3588F0; font-weight:800; margin-left:4px;"">UP</span><br>","파티 받는 피해량 감소 버프 계수 <span style=""color:#3588F0; font-weight:800; margin-left:4px;"">UP</span><br>",[3]메타 부적합,"일반 공격에 광역 방어력 감소, 고학년에 받는 피해량 감소 버프로 초반 몸 비틀기에 적합한 서포터입니다.<br>어사이드가 없고 체급이 낮아 초반에만 잠시 쓰시길 권장합니다.",images/바나.png,후열,활발,2,,물리,FALSE
바롱,딜러,~ Lv. 7+,~ Lv. 7+,"피해 계수 <span style=""color:#3588F0; font-weight:800; margin-left:4px;"">UP</span><br>","피해 계수 <span style=""color:#3588F0; font-weight:800; margin-left:4px;"">UP</span><br>",[2]성격덱,,images/바롱.png,전열,냉정,3,,마법,TRUE
바리에,서포터,~ Lv. 10+,~ Lv. 10+,"보호막 계수 <span style=""color:#3588F0; font-weight:800; margin-left:4px;"">UP</span><br>","아군 물리 피해량 증가 계수 <span style=""color:#3588F0; font-weight:800; margin-left:4px;"">UP</span><br>아군 공격 속도 증가 계수 <span style=""color:#3588F0; font-weight:800; margin-left:4px;"">UP</span><br>",[3]메타 부적합,SP 주유 및 피해량 버프를 가지고 있는 서포터입니다.<br>특히 시온과 조합이 좋고 초반 딜컷을 뚫고 몸비틀어 침략 미는데에 기여할 수 있습니다.<br>어사이드가 없고 체급이 낮아 초반에만 잠시 쓰시길 권장합니다.<br>사용한다면 두 스킬 모두 최대한 강화하길 권장합니다.,images/바리에.png,후열,우울,2,,마법,FALSE
버터,딜러,~ Lv. 7-,~ Lv. 10+,"피해 계수 <span style=""color:#3588F0; font-weight:800; margin-left:4px;"">UP</span><br>","피해 계수 <span style=""color:#3588F0; font-weight:800; margin-left:4px;"">UP</span><br>",[3]메타 부적합,"학년에 따라 딜량이 결정되는 독특한 매커니즘의 딜러입니다.<br>그러나 그 매커니즘 때문에 피해량 증가 등 버프 활용이 곤란하며, 강화시 상승하는 피해 계수도 거의 의미가 없습니다. <br>학년 스킬도 A2가 없다면 강화하실 필요가 없습니다.<br>굳이 사용하겠다면 애착 아티팩트를 필수로 장착시켜주세요.",images/버터.png,후열,활발,3,,물리,TRUE
베니,딜러,~ Lv. 7+,~ Lv. 7-,"자힐 회복 계수 <span style=""color:#3588F0; font-weight:800; margin-left:4px;"">UP</span><br>","피해 계수 <span style=""color:#3588F0; font-weight:800; margin-left:4px;"">UP</span><br>",[3]메타 부적합,"고학년에 범위 기절이 핵심인 딜러입니다.<br>다만 오래된 사도며 태생 2성으로 체급이 낮고, 어사이드도 티그, 루포와의 조합을 강요해서 육성 가치는 거의 없습니다.<br>굳이 사용한다면 저학년 스킬만 강화해주요.",images/베니.png,전열,활발,2,,물리,TRUE
베니(베니),딜러,~ Lv. 7+,~ Lv. 7+,"피해 계수 <span style=""color:#3588F0; font-weight:800; margin-left:4px;"">UP</span><br>","피해 계수 <span style=""color:#3588F0; font-weight:800; margin-left:4px;"">UP</span><br>",[3]메타 부적합,"꿀범벅이라는 고유 디버프 스택을 쌓은 뒤 터뜨려 누킹을 가하는 딜러입니다<br>…만 정작 스택을 터뜨리는 고학년의 재사용 대기시간이 1분이라 활용이 불가능한 수준으로 설계에 하자가 있습니다.<br>굳이 쓴다면 두 스킬 모두 강화하시길 권장하지만, 애초에 육성이 추천되지 않습니다. ",images/베니(베니).png,후열,냉정,3,,물리,TRUE
베루,딜러,~ Lv. 7-,~ Lv. 7-,"피해 계수 <span style=""color:#3588F0; font-weight:800; margin-left:4px;"">UP</span><br>","피해 계수 <span style=""color:#3588F0; font-weight:800; margin-left:4px;"">UP</span><br>",[4]태생 1성,1성 사도들은 사실상 전혀 사용하지 않습니다.<br>육성하지 않길 권고드립니다.,images/베루.png,중열,우울,1,,물리,FALSE
벨라,탱커,~ Lv. 10+,~ Lv. 7+,"파티 공격력 증가 버프 계수 <span style=""color:#3588F0; font-weight:800; margin-left:4px;"">UP</span><br>피해 계수 <span style=""color:#3588F0; font-weight:800; margin-left:4px;"">UP</span><br>","회복 계수 <span style=""color:#3588F0; font-weight:800; margin-left:4px;"">UP</span><br>",[1]메타픽,"저학년 전역 버프로 모든 아군의 체급을 한 단계 끌어 올리는 0티어 탱포터입니다.<br>고학년에는 적 도발, 아군 회복이 달려있어 침략 공략 시 큰 도움이 됩니다.<br>보스 콘텐츠에서의 저학년 유지가 핵심이므로 저학년을 우선 강화하길 권장합니다.",images/벨라.png,전열,활발,3,몽환살이,마법,TRUE
벨리타,딜러,~ Lv. 10+,~ Lv. 10+,"피해 계수 <span style=""color:#3588F0; font-weight:800; margin-left:4px;"">UP</span><br>","피해 계수 <span style=""color:#3588F0; font-weight:800; margin-left:4px;"">UP</span><br>",[3]메타 부적합,,images/벨리타.png,후열,광기,3,,마법,TRUE
벨벳,탱커,~ Lv. 10+,~ Lv. 7+,"받는 물리 피해량 감소 버프 계수 <span style=""color:#3588F0; font-weight:800; margin-left:4px;"">UP</span><br>","피해 계수 <span style=""color:#3588F0; font-weight:800; margin-left:4px;"">UP</span><br>",[3]메타 부적합,,images/벨벳.png,전열,냉정,3,,물리,TRUE
블랑셰,딜러,~ Lv. 10+,~ Lv. 10+,"피해 계수 <span style=""color:#3588F0; font-weight:800; margin-left:4px;"">UP</span><br>","피해 계수 <span style=""color:#3588F0; font-weight:800; margin-left:4px;"">UP</span><br>",[2]성격덱,여러 번 튕기는 투사체를 짧은 텀으로 난사하는 스킬 딜러입니다.<br>애착 아티팩트 장착 시 고학년이 크게 강화되므로 필수입니다.<br>우울 성격 중심의 콘텐츠에서 활약할 수 있습니다.<br>두 스킬 모두 최대한 강화하길 권장합니다. ,images/블랑셰.png,중열,우울,3,,마법,TRUE
비비,탱커,~ Lv. 10+,~ Lv. 7+,"보호막 계수 <span style=""color:#3588F0; font-weight:800; margin-left:4px;"">UP</span><br>적 받는 피해량 증가 디버프 계수 <span style=""color:#3588F0; font-weight:800; margin-left:4px;"">UP</span><br>","피해 계수 <span style=""color:#3588F0; font-weight:800; margin-left:4px;"">UP</span><br>",[1]메타픽,"높은 계수의 보호막과 받는 피해 증가 디버프로 무장한 탱커입니다.<br>일반 공격로 자힐, 저학년 스킬로 보호막을 가지고 있어 유지력이 뛰어납니다.<br>A2효과인 SP감소는 보스전에서 꽤나 유의미한 효과입니다.<br>고학년 스킬은 거의 사용하지 않습니다. 저학년 우선 강화를 권장드립니다.",images/비비.png,전열,순수,3,영원살이,마법,TRUE
빅우드,탱커,~ Lv. 7-,~ Lv. 7-,"보호막 계수 <span style=""color:#3588F0; font-weight:800; margin-left:4px;"">UP</span><br>","자회복 계수 <span style=""color:#3588F0; font-weight:800; margin-left:4px;"">UP</span><br>",[3]메타 부적합,마법 면역 보호막을 가지고 있는 탱커입니다.<br>2성이라 체급이 부족하며 아군 보호 능력이 도발 하나라 거의 채용되지 않습니다. 육성하지 않길 권고드립니다.,images/빅우드.png,전열,순수,2,,물리,TRUE
사리,딜러,~ Lv. 7-,~ Lv. 7-,"피해 계수 <span style=""color:#3588F0; font-weight:800; margin-left:4px;"">UP</span><br>","피해 계수 <span style=""color:#3588F0; font-weight:800; margin-left:4px;"">UP</span><br>",[4]태생 1성,1성 사도들은 사실상 전혀 사용하지 않습니다.<br>육성하지 않길 권고드립니다.,images/사리.png,중열,순수,1,,물리,FALSE
샤샤,딜러,~ Lv. 10+,~ Lv. 10+,"적 일반 공격 피해량 감소 디버프 계수 <span style=""color:#3588F0; font-weight:800; margin-left:4px;"">UP</span><br> 피해 계수 <span style=""color:#3588F0; font-weight:800; margin-left:4px;"">UP</span><br>","피해 계수 <span style=""color:#3588F0; font-weight:800; margin-left:4px;"">UP</span><br>",[2]성격덱,범위 피해와 고학년의 넉백으로 진형붕괴에 특화된 딜러입니다.<br>명함 상태에서는 저학년은 회전율이 떨어지기 때문에 어사이드 의존도가 높습니다.<br>우울 중열 범위 마법 딜러라는 특성이 겹치는 블랑셰에 의해 거의 완전히 대체됩니다.<br>굳이 쓰시려면 고학년을 우선 강화해줍시다.,images/샤샤.png,중열,우울,3,,마법,TRUE
셀리네,탱커,~ Lv. 7+,~ Lv. 10+,"피해 계수 <span style=""color:#3588F0; font-weight:800; margin-left:4px;"">UP</span><br>","피해 계수 <span style=""color:#3588F0; font-weight:800; margin-left:4px;"">UP</span><br>",[3]메타 부적합,도발과 광역 기절를 가진 상태이상 위주의 탱커입니다. <br>유지력이 고학년에 크게 의존하기 때문에 고학년 스킬이 봉인되는 경우 체급이 크게 떨어집니다.<br>아군 버프를 요구하는 최근 탱커 메타에 부적합해서 현재는 거의 쓰이지 않습니다. 굳이 쓰시려면 고학년은 우선 강화합시다.,images/셀리네.png,전열,활발,3,,마법,TRUE
셰럼,탱커,~ Lv. 10+,~ Lv. 7+,"받는 힐량 증가 계수 <span style=""color:#3588F0; font-weight:800; margin-left:4px;"">UP</span><br>","피해 계수 <span style=""color:#3588F0; font-weight:800; margin-left:4px;"">UP</span><br>",[3]메타 부적합,,images/셰럼.png,전열,순수,3,,마법,TRUE
셰이디,딜러,~ Lv. 10+,~ Lv. 7+,"피해 계수 <span style=""color:#3588F0; font-weight:800; margin-left:4px;"">UP</span><br>적 SP 감소 디버프 계수 <span style=""color:#3588F0; font-weight:800; margin-left:4px;"">UP</span><br>","피해 계수 <span style=""color:#3588F0; font-weight:800; margin-left:4px;"">UP</span><br>",[3]메타 부적합,"침묵, 기절, SP감소 등 다양한 디버프로 무장한 후열 저격 딜러입니다.<br>줘팸터 6광기덱에 제한적으로 채용하나 범용성은 크게 떨어지는 조커픽입니다.<br>고학년은 딜보다는 침묵이 핵심이므로 저학년을 우선 강화해줍시다.",images/셰이디.png,전열,광기,3,,물리,TRUE
셰이디(역전),서포터,~ Lv. 7+,~ Lv. 7+,"피해 계수 <span style=""color:#3588F0; font-weight:800; margin-left:4px;"">UP</span><br>회복 계수 <span style=""color:#3588F0; font-weight:800; margin-left:4px;"">UP</span><br>","피해 계수 <span style=""color:#3588F0; font-weight:800; margin-left:4px;"">UP</span><br>",[2]성격덱,"침략, 줘팸에서 활약하는 서포터입니다.<br>저학년은 발동 주기가 짧고 육성에 크게 영향을 받지 않아 저학년 강화만 해도 침략에서 준수한 유지력을 보여줍니다.<br>A2 발현 시 고학년의 피해 계수가 급등, 줘팸터에서 활발덱의 딜러로 활약할 수 있으므로 고학년 강화도 적극 추천됩니다. ",images/셰이디(역전).png,후열,활발,3,,물리,TRUE
슈로,서포터,~ Lv. 10+,~ Lv. 7+,"파티 받는 피해량 감소 계수 <span style=""color:#3588F0; font-weight:800; margin-left:4px;"">UP</span><br>피해량 증가 계수 <span style=""color:#3588F0; font-weight:800; margin-left:4px;"">UP</span><br>치유량 증가 버프 계수 <span style=""color:#3588F0; font-weight:800; margin-left:4px;"">UP</span><br>","피해 계수 <span style=""color:#3588F0; font-weight:800; margin-left:4px;"">UP</span><br>",[1]메타픽,"넓은 범위를 가진 저학년 스킬로 광역 피해감소 버프를 부여하는 준수한 딜포터입니다.<br>고학년 스킬은 광역 넉백과 공격력을 복사해오는 메커니즘을 가져 잠재력이 높습니다. A2 발현 시 고학년 쿨타임이 크게 줄어듭니다.<br>저학년 피감이 핵심이므로 저학년을 우선 강화하고, 고학년은 A2 발현 이후로 미뤄도 좋습니다.",images/슈로.png,전열,활발,3,,물리,TRUE
슈팡,서포터,~ Lv. 10+,~ Lv. 10+,"회복 계수 <span style=""color:#3588F0; font-weight:800; margin-left:4px;"">UP</span><br>","피해 계수 <span style=""color:#3588F0; font-weight:800; margin-left:4px;"">UP</span><br>파티 받는 피해 감소 버프 계수 <span style=""color:#3588F0; font-weight:800; margin-left:4px;"">UP</span><br>",[1]메타픽,"침략, 줘팸터에서 활약 할 수 있는 서브 힐러입니다.<br>A2를 발현하면 전투 시작 시 고학년 쿨타임이 0초가 되고, 기절이 추가됩니다. 강력한 효과인 만큼 사용 시 A2를 발현할 것을 전제로 합니다. <br>고학년 우선으로 강화하길 권장합니다. ",images/슈팡.png,후열,활발,3,,마법,TRUE
스노키,탱커,~ Lv. 7+,~ Lv. 7+,"본인 회복 계수 <span style=""color:#3588F0; font-weight:800; margin-left:4px;"">UP</span><br>","피해 계수 <span style=""color:#3588F0; font-weight:800; margin-left:4px;"">UP</span><br>",[1]메타픽,개전 시 파티 전체에 보호막을 부여하여 파티 안정성을 끌어 올리는 탱커입니다.<br>해당 효과는 A2 발현 시 추가되기에 어사이드 의존도가 극도로 높습니다.<br>고학년은 부가 효과가 없으므로 유지력을 그나마 올려주는 저학년을 우선 강화합시다.,images/스노키.png,전열,우울,3,,물리,TRUE
스피키,서포터,~ Lv. 7+,~ Lv. 7+,"아군 SP 회복 계수 <span style=""color:#3588F0; font-weight:800; margin-left:4px;"">UP</span><br>","아군 받는 피해량 감소 버프 계수 <span style=""color:#3588F0; font-weight:800; margin-left:4px;"">UP</span><br>",[3]메타 부적합,,images/스피키.png,후열,순수,2,,마법,FALSE
스피키(메이드),딜러,~ Lv. 7+,~ Lv. 10+,"피해 계수 <span style=""color:#3588F0; font-weight:800; margin-left:4px;"">UP</span><br>","피해 계수 <span style=""color:#3588F0; font-weight:800; margin-left:4px;"">UP</span><br>",[2]성격덱,,images/스피키(메이드).png,후열,활발,3,,마법,TRUE
시스트,딜러,~ Lv. 10+,~ Lv. 7+,"피해 계수 <span style=""color:#3588F0; font-weight:800; margin-left:4px;"">UP</span><br>","본인 피해량 증가 버프 <span style=""color:#3588F0; font-weight:800; margin-left:4px;"">UP</span><br>SP 회복 계수 <span style=""color:#3588F0; font-weight:800; margin-left:4px;"">UP</span><br>",[3]메타 부적합,,images/시스트.png,중열,광기,3,,물리,TRUE
시온 더 다크불릿,딜러,~ Lv. 10+,~ Lv. 10+,"피해 계수 <span style=""color:#3588F0; font-weight:800; margin-left:4px;"">UP</span><br>","피해 계수 <span style=""color:#3588F0; font-weight:800; margin-left:4px;"">UP</span><br>",[1]메타픽,"대충돌, 침략, 줘팸터에서 활약할 수 있는 평타 위주의 딜러입니다.<br>저학년으로 마탄 스택을 충전한 직후 발사 모션이 나오기 전에 고학년을 사용하여 마탄 스택 소모를 캔슬하는 방식으로 사용합니다.<br>침략에서는 스킬 둘 다 강화 의존도가 낮지만, 줘팸터에서 모두 강화하시길 추천드립니다.",images/시온 더 다크불릿.png,후열,우울,3,영원살이,물리,TRUE
시저,서포터,~ Lv. 7+,~ Lv. 7+,"피해 계수 <span style=""color:#3588F0; font-weight:800; margin-left:4px;"">UP</span><br>","피해 계수 <span style=""color:#3588F0; font-weight:800; margin-left:4px;"">UP</span><br>",[1]메타픽,"줘팸터에서 활약하는 강력한 단일 버퍼입니다. 바로 앞에 배치한 아군을 케어하는 데에 특화되어 있습니다.<br>귀하디 귀한 고학년 재사용 대기시간 감소 버프를 가지고 있어, 보통 디아나(왕년) 고학년 발사 용도로 채용합니다. 디아나 뒤에 오도록 배치를 신경 써주세요.<br>A2 이상이면 개전과 함께 적 딜러 3명을 바보로 만드는 디버프를 뿌려서 A2 의존도가 높습니다.<br>두 스킬 모두 강화 시 피해 계수만 올라가서 강화 우선도가 떨어집니다. 스킬은 여유 있을 때 천천히 강화합시다.  ",images/시저.png,중열,냉정,3,,마법,TRUE
실라,딜러,~ Lv. 10+,~ Lv. 10+,"피해 계수 <span style=""color:#3588F0; font-weight:800; margin-left:4px;"">UP</span><br>","피해 계수 <span style=""color:#3588F0; font-weight:800; margin-left:4px;"">UP</span><br>",[2]성격덱,,images/실라.png,후열,냉정,3,,물리,TRUE
실피르,딜러,~ Lv. 7+,~ Lv. 7-,"피해 계수 <span style=""color:#3588F0; font-weight:800; margin-left:4px;"">UP</span><br>적 SP 감소 디버프 계수 <span style=""color:#3588F0; font-weight:800; margin-left:4px;"">UP</span><br>","피해 계수 <span style=""color:#3588F0; font-weight:800; margin-left:4px;"">UP</span><br>",[3]메타 부적합,,images/실피르.png,중열,우울,2,,물리,FALSE
아네트,서포터,~ Lv. 10+,~ Lv. 7+,"아군 공격 속도 증가 계수 <span style=""color:#3588F0; font-weight:800; margin-left:4px;"">UP</span><br>스킬 피해량 증가 버프 계수 <span style=""color:#3588F0; font-weight:800; margin-left:4px;"">UP</span><br>","피해 계수 <span style=""color:#3588F0; font-weight:800; margin-left:4px;"">UP</span><br>",[1]메타픽,,images/아네트.png,중열,광기,3,,마법,TRUE
아르코,딜러,~ Lv. 10+,~ Lv. 10+,"피해 계수 <span style=""color:#3588F0; font-weight:800; margin-left:4px;"">UP</span><br>","피해 계수 <span style=""color:#3588F0; font-weight:800; margin-left:4px;"">UP</span><br>",[2]성격덱,"침략, 줘팸에서 주로 활약하는 스킬 딜러입니다.<br>고학년에 조건부 확정 치명타를 가하는 능력이 있어 육성이 부족한 상황에서도 비교적 강한 딜량을 자랑합니다.<br>두 스킬 모두 피해 계수가 강화되므로 아르코를 기용한다면 10레벨 이상 강화를 추천합니다.",images/아르코.png,중열,활발,3,,물리,TRUE
아멜리아,서포터,~ Lv. 10+,~ Lv. 10+,"피해 계수 <span style=""color:#3588F0; font-weight:800; margin-left:4px;"">UP</span><br>","피해 계수 <span style=""color:#3588F0; font-weight:800; margin-left:4px;"">UP</span><br>",[2]성격덱,"사실상 딜러, 애착 아티팩트 반필수, 쓸 거면 둘 다 .",images/아멜리아.png,후열,냉정,3,,물리,TRUE
아멜리아(R41),서포터,~ Lv. 10+,~ Lv. 7+,"회복 계수 <span style=""color:#3588F0; font-weight:800; margin-left:4px;"">UP</span><br>","피해 계수 <span style=""color:#3588F0; font-weight:800; margin-left:4px;"">UP</span><br>",[2]성격덱,"고학년 쿨타임 길고 딜량 낮음, 저학년만.",images/아멜리아(R41).png,후열,우울,3,,마법,TRUE
아사나,탱커,~ Lv. 10+,~ Lv. 10+,"피해 계수 <span style=""color:#3588F0; font-weight:800; margin-left:4px;"">UP</span><br>","회복 계수 <span style=""color:#3588F0; font-weight:800; margin-left:4px;"">UP</span><br>피해 계수 <span style=""color:#3588F0; font-weight:800; margin-left:4px;"">UP</span><br>",[2]성격덱,"줘팸용 사도, 고학년 우선.",images/아사나.png,전열,우울,3,,물리,TRUE
아야,딜러,~ Lv. 10+,~ Lv. 10+,"피해 계수 <span style=""color:#3588F0; font-weight:800; margin-left:4px;"">UP</span><br>","피해 계수 <span style=""color:#3588F0; font-weight:800; margin-left:4px;"">UP</span><br>",[2]성격덱,저학년 우선.,images/아야.png,중열,냉정,3,영원살이,마법,TRUE
아이시아,딜러,~ Lv. 10+,~ Lv. 10+,"피해 계수 <span style=""color:#3588F0; font-weight:800; margin-left:4px;"">UP</span><br>","피해 계수 <span style=""color:#3588F0; font-weight:800; margin-left:4px;"">UP</span><br>",[2]성격덱,고학년 증가폭 낮음.,images/아이시아.png,후열,냉정,3,,마법,TRUE
아일라,서포터,~ Lv. 10+,~ Lv. 7+,"보호막 계수 <span style=""color:#3588F0; font-weight:800; margin-left:4px;"">UP</span><br>","피해 계수 <span style=""color:#3588F0; font-weight:800; margin-left:4px;"">UP</span><br>",[1]메타픽,줘팸용 고학년.,images/아일라.png,중열,순수,3,,마법,TRUE
알레트,탱커,~ Lv. 7-,~ Lv. 7-,"피해 계수 <span style=""color:#3588F0; font-weight:800; margin-left:4px;"">UP</span><br>","보호막 계수 <span style=""color:#3588F0; font-weight:800; margin-left:4px;"">UP</span><br>",[4]태생 1성,1성 사도들은 사실상 전혀 사용하지 않습니다.<br>육성하지 않길 권고드립니다.,images/알레트.png,전열,순수,1,,물리,FALSE
앨리스,딜러,~ Lv. 10+,~ Lv. 10+,"피해 계수 <span style=""color:#3588F0; font-weight:800; margin-left:4px;"">UP</span><br>","피해 계수 <span style=""color:#3588F0; font-weight:800; margin-left:4px;"">UP</span><br>",[3]메타 부적합,,images/앨리스.png,중열,광기,3,,마법,TRUE
에르핀,딜러,~ Lv. 10+,~ Lv. 10+,"피해 계수 <span style=""color:#3588F0; font-weight:800; margin-left:4px;"">UP</span><br>","피해 계수 <span style=""color:#3588F0; font-weight:800; margin-left:4px;"">UP</span><br>",[3]메타 부적합,,images/에르핀.png,후열,순수,3,,마법,TRUE
에슈르,딜러,~ Lv. 10+,~ Lv. 10+,"피해 계수 <span style=""color:#3588F0; font-weight:800; margin-left:4px;"">UP</span><br>","피해 계수 <span style=""color:#3588F0; font-weight:800; margin-left:4px;"">UP</span><br>",[3]메타 부적합,"고학년 광역 기절이 핵심, 굳이 쓸 거면 둘 다 강화.",images/에슈르.png,후열,우울,3,,마법,TRUE
에스피,서포터,~ Lv. 10+,~ Lv. 10+,"피해 계수 <span style=""color:#3588F0; font-weight:800; margin-left:4px;"">UP</span><br>","피해 계수 <span style=""color:#3588F0; font-weight:800; margin-left:4px;"">UP</span><br>적 SP 감소 계수 <span style=""color:#3588F0; font-weight:800; margin-left:4px;"">UP</span><br> ",[3]메타 부적합,"저학년 상태 이상 침묵과 고학년 SP 깎으로 보스전에 기용, 현재는 인플레에서 밀렸으나 쓸 거면 둘 다 강화.",images/에스피.png,후열,냉정,2,,마법,TRUE
에피카,딜러,~ Lv. 10+,~ Lv. 7-,"자신 및 아군 공격 속도 증가 버프 계수 <span style=""color:#3588F0; font-weight:800; margin-left:4px;"">UP</span><br>","피해 계수 <span style=""color:#3588F0; font-weight:800; margin-left:4px;"">UP</span><br>",[2]성격덱,"PVE 보스 콘텐츠(차원 대충돌, 엘리아스 프론티어)에서만 기용 가능한 캐릭터입니다. 저학년의 항시 강화 공격 버프가 딜링 핵심이니, 저학년을 10레벨 이상 강화하시면 됩니다. 고학년은 사도의 장점을 살리지 못해 봉인합니다.",images/에피카.png,중열,활발,3,영원살이,물리,TRUE
엘레나,딜러,~ Lv. 10+,~ Lv. 7+,"피해 계수 <span style=""color:#3588F0; font-weight:800; margin-left:4px;"">UP</span><br>","피해 계수 <span style=""color:#3588F0; font-weight:800; margin-left:4px;"">UP</span><br>",[3]메타 부적합,평타 위주 딜러 .,images/엘레나.png,중열,냉정,3,,물리,TRUE
오르,서포터,~ Lv. 7+,~ Lv. 10+,"피해 계수 <span style=""color:#3588F0; font-weight:800; margin-left:4px;"">UP</span><br>","피해 계수 <span style=""color:#3588F0; font-weight:800; margin-left:4px;"">UP</span><br>회복 계수 <span style=""color:#3588F0; font-weight:800; margin-left:4px;"">UP</span><br>아군 SP 회복 계수 <span style=""color:#3588F0; font-weight:800; margin-left:4px;"">UP</span><br>",[1]메타픽,고학년만.,images/오르.png,후열,우울,3,,마법,TRUE
오팔,서포터,~ Lv. 10+,~ Lv. 7+,"아군 피해량 증가 버프 계수 <span style=""color:#3588F0; font-weight:800; margin-left:4px;"">UP</span><br>회복 계수 <span style=""color:#3588F0; font-weight:800; margin-left:4px;"">UP</span><br> ","보호막 계수 <span style=""color:#3588F0; font-weight:800; margin-left:4px;"">UP</span><br>",[3]메타 부적합,저학년 우선.,images/오팔.png,중열,순수,3,,물리,TRUE
요미,딜러,~ Lv. 7+,~ Lv. 7+,"피해 계수 <span style=""color:#3588F0; font-weight:800; margin-left:4px;"">UP</span><br>","피해 계수 <span style=""color:#3588F0; font-weight:800; margin-left:4px;"">UP</span><br>",[1]메타픽,"명함 딜량 낮음, A2 이상이면 스킬 강화.",images/요미.png,중열,우울,3,별바라기,마법,TRUE
우로스,서포터,~ Lv. 7+,~ Lv. 7+,"본인 피해량 증가 버프 계수 <span style=""color:#3588F0; font-weight:800; margin-left:4px;"">UP</span><br> ","피해 계수 <span style=""color:#3588F0; font-weight:800; margin-left:4px;"">UP</span><br>",[1]메타픽,"스킬 강화가 파티 서포팅에 영향을 주지 않습니다. 명함일 때는 본체 피해량이 낮지만 A2부터 급상승하므로, A2 발현 후 스킬 강화하길 추천합니다.",images/우로스.png,후열,공명,3,몽환살이,물리,TRUE
우이,서포터,~ Lv. 10+,~ Lv. 7+,"회복 계수 <span style=""color:#3588F0; font-weight:800; margin-left:4px;"">UP</span><br>파티 SP회복 계수 <span style=""color:#3588F0; font-weight:800; margin-left:4px;"">UP</span><br>","보호막 계수 <span style=""color:#3588F0; font-weight:800; margin-left:4px;"">UP</span><br>",[1]메타픽,"모든 콘텐츠에서 사용 가능한 힐러입니다. 저학년 스킬 회복에 공격력 비례 계수가 붙어있어 때문에 공격력 황금 크레파스 보드, 공격력 장비에 강화까지 투자해야 유의미한 힐을 기대할 수 있습니다. 파티 전역에 적용되는 저학년과 달리 고학년은 단일 대상이기 때문에 중요도가 떨어집니다. 저학년을 우선 강화하고 줘팸터에서 변수를 주고 싶을때만 고학년 강화를 추천합니다.",images/우이.png,중열,활발,3,영원살이,마법,TRUE
유미미,딜러,~ Lv. 7-,~ Lv. 7-,"피해 계수 <span style=""color:#3588F0; font-weight:800; margin-left:4px;"">UP</span><br>","피해 계수 <span style=""color:#3588F0; font-weight:800; margin-left:4px;"">UP</span><br>",[4]태생 1성,1성 사도들은 사실상 전혀 사용하지 않습니다.<br>육성하지 않길 권고드립니다.,images/유미미.png,후열,광기,1,,물리,FALSE
이드,탱커,~ Lv. 10+,~ Lv. 7+,"보호막 계수 <span style=""color:#3588F0; font-weight:800; margin-left:4px;"">UP</span><br>","피해 계수 <span style=""color:#3588F0; font-weight:800; margin-left:4px;"">UP</span><br>",[1]메타픽,저학년만.,images/이드.png,전열,냉정,3,영원살이,마법,TRUE
이프리트,딜러,~ Lv. 7+,~ Lv. 7+,"피해 계수 <span style=""color:#3588F0; font-weight:800; margin-left:4px;"">UP</span><br>","피해 계수 <span style=""color:#3588F0; font-weight:800; margin-left:4px;"">UP</span><br>",[3]메타 부적합,굳이 쓸 거면 둘 다.,images/이프리트.png,전열,광기,2,,마법,FALSE
잉클,딜러,~ Lv. 10+,~ Lv. 10+,"피해 계수 <span style=""color:#3588F0; font-weight:800; margin-left:4px;"">UP</span><br>","피해 계수 <span style=""color:#3588F0; font-weight:800; margin-left:4px;"">UP</span><br>",[2]성격덱,"냉정 딜러 중 상위권, 둘 다 강화.",images/잉클.png,후열,냉정,3,,마법,TRUE
제이드,딜러,~ Lv. 10+,~ Lv. 10+,"피해 계수 <span style=""color:#3588F0; font-weight:800; margin-left:4px;"">UP</span><br>","피해 계수 <span style=""color:#3588F0; font-weight:800; margin-left:4px;"">UP</span><br>",[2]성격덱,애착 아티팩트 필수.,images/제이드.png,중열,냉정,3,,마법,TRUE
죠안,서포터,~ Lv. 10+,~ Lv. 7+,"아군 공격력 증가 계수 <span style=""color:#3588F0; font-weight:800; margin-left:4px;"">UP</span><br>받는 피해량 감소 버프 계수 <span style=""color:#3588F0; font-weight:800; margin-left:4px;"">UP</span><br>","보호막 계수 <span style=""color:#3588F0; font-weight:800; margin-left:4px;"">UP</span><br>적 고학년 쿨타임 증가 디버프 계수 <span style=""color:#3588F0; font-weight:800; margin-left:4px;"">UP</span><br>",[1]메타픽,줘팸용 고학년.,images/죠안.png,전체열,우울,3,몽환살이,물리,TRUE
쥬비,딜러,~ Lv. 10+,~ Lv. 10+,"분신 수 <span style=""color:#3588F0; font-weight:800; margin-left:4px;"">UP</span><br>","피해 계수 <span style=""color:#3588F0; font-weight:800; margin-left:4px;"">UP</span><br>",[3]메타 부적합,"분신을 소환하여 분신+본체의 고계수 총합 평타를 가하는 평타 딜러입니다.<br>낮은 체급으로 인해 분신 유지가 어렵고 딜컷에 걸려 활용이 어려운 사도입니다.<br>하지만 분신을 유지할 수 있을 정도로 전투력 총합이 높은 유저의 경우 평타 계수합이 높다는 점, 분신들이 모두 우로스의 공격력 부여 버프를 받는다는 점, 저학년 모션이 사실상 없어 리뉴아 고학년 시간 시전 중에 평타를 최대한 우겨 넣을 수 있다는 점 등에 주목하여 최상위 콘텐츠에서도 사용했습니다.<br>현재는 난이도 확장으로 거의 사용하지 않습니다. 극소수의 최상위권 유저 전용으로 웬만하면 손대지 맙시다.<br>사용한다면 저학년은 9레벨 10레벨 차이가 전무하므로 9레벨, 고학년은 10레벨까지 강화하길 권장합니다.",images/쥬비.png,중열,활발,2,,물리,FALSE
쵸피,딜러,~ Lv. 7-,~ Lv. 7-,"피해 계수 <span style=""color:#3588F0; font-weight:800; margin-left:4px;"">UP</span><br>","피해 계수 <span style=""color:#3588F0; font-weight:800; margin-left:4px;"">UP</span><br>",[4]태생 1성,1성 사도들은 사실상 전혀 사용하지 않습니다.<br>육성하지 않길 권고드립니다.,images/쵸피.png,중열,우울,1,,물리,FALSE
카렌,서포터,~ Lv. 7-,~ Lv. 7-,"회복 계수 <span style=""color:#3588F0; font-weight:800; margin-left:4px;"">UP</span><br>","회복 계수 <span style=""color:#3588F0; font-weight:800; margin-left:4px;"">UP</span><br>",[4]태생 1성,1성 사도들은 사실상 전혀 사용하지 않습니다.<br>육성하지 않길 권고드립니다.,images/카렌.png,후열,활발,1,,마법,FALSE
칸나,딜러,~ Lv. 10+,~ Lv. 10+,"피해 계수 <span style=""color:#3588F0; font-weight:800; margin-left:4px;"">UP</span><br>","피해 계수 <span style=""color:#3588F0; font-weight:800; margin-left:4px;"">UP</span><br>",[3]메타 부적합,,images/칸나.png,후열,활발,3,,물리,TRUE
칸타,딜러,~ Lv. 10+,~ Lv. 7-,"피해 계수 <span style=""color:#3588F0; font-weight:800; margin-left:4px;"">UP</span><br>","피해 계수 <span style=""color:#3588F0; font-weight:800; margin-left:4px;"">UP</span><br>",[3]메타 부적합,"소환수인 팽이 중심의 딜러입니다.<br>팽이도 어느 정도 아티팩트의 영향을 받기 때문에 생각보다 괜찮은 딜이 나오나, 어사이드가 없고 2성이라 체급이 낮아 육성이 추천되지 않습니다.<br>팽이를 자폭시키는 고학년은 아예 봉인하고 사용합시다.",images/칸타.png,중열,냉정,2,,물리,FALSE
캐시,딜러,~ Lv. 10+,~ Lv. 10+,"피해 계수 <span style=""color:#3588F0; font-weight:800; margin-left:4px;"">UP</span><br>적 받는 스킬 피해량 증가 디버프 계수 <span style=""color:#3588F0; font-weight:800; margin-left:4px;"">UP</span><br>","피해 계수 <span style=""color:#3588F0; font-weight:800; margin-left:4px;"">UP</span><br>",[2]성격덱,줘팸용.,images/캐시.png,후열,순수,3,,물리,TRUE
캬롯,서포터,~ Lv. 7+,~ Lv. 7+,"아군 피해량 증가 계수 <span style=""color:#3588F0; font-weight:800; margin-left:4px;"">UP</span><br>받는 피해량 감소 버프 계수 <span style=""color:#3588F0; font-weight:800; margin-left:4px;"">UP</span><br>","아군 SP 회복 계수 <span style=""color:#3588F0; font-weight:800; margin-left:4px;"">UP</span><br>피해 계수 <span style=""color:#3588F0; font-weight:800; margin-left:4px;"">UP</span><br>",[3]메타 부적합,쓰기 어려우므로 과투자 하지 않음.,images/캬롯.png,후열,순수,3,,마법,TRUE
코미,탱커,~ Lv. 10+,~ Lv. 10+,"자회복 계수 <span style=""color:#3588F0; font-weight:800; margin-left:4px;"">UP</span><br>","피해 계수 <span style=""color:#3588F0; font-weight:800; margin-left:4px;"">UP</span><br>",[3]메타 부적합,저학년 우선.,images/코미.png,전열,우울,3,,물리,TRUE
코미(수영복),서포터,~ Lv. 10+,~ Lv. 10+,"회복 계수 <span style=""color:#3588F0; font-weight:800; margin-left:4px;"">UP</span><br>","피해 계수 <span style=""color:#3588F0; font-weight:800; margin-left:4px;"">UP</span><br>",[2]성격덱,,images/코미(수영복).png,중열,냉정,3,,마법,TRUE
큐이,서포터,~ Lv. 7-,~ Lv. 7-,"회복 계수 <span style=""color:#3588F0; font-weight:800; margin-left:4px;"">UP</span><br>","회복 계수 <span style=""color:#3588F0; font-weight:800; margin-left:4px;"">UP</span><br>",[4]태생 1성,1성 사도들은 사실상 전혀 사용하지 않습니다.<br>육성하지 않길 권고드립니다.,images/큐이.png,중열,순수,1,,마법,FALSE
클로에,탱커,~ Lv. 10+,~ Lv. 10+,"본인 보호막 계수 <span style=""color:#3588F0; font-weight:800; margin-left:4px;"">UP</span><br>본인버프 시간 <span style=""color:#3588F0; font-weight:800; margin-left:4px;"">UP</span><br>","피해 계수 <span style=""color:#3588F0; font-weight:800; margin-left:4px;"">UP</span><br>",[2]성격덱,줘팸용.,images/클로에.png,전열,광기,3,영원살이,마법,TRUE
키디언,딜러,~ Lv. 10+,~ Lv. 7+,"피해 계수 <span style=""color:#3588F0; font-weight:800; margin-left:4px;"">UP</span><br>","피해 계수 <span style=""color:#3588F0; font-weight:800; margin-left:4px;"">UP</span><br>",[2]성격덱,"할배용, 고학년 거의 안씀.",images/키디언.png,전열,우울,3,,물리,TRUE
타이다,딜러,~ Lv. 7-,~ Lv. 7-,"피해 계수 <span style=""color:#3588F0; font-weight:800; margin-left:4px;"">UP</span><br>","피해 계수 <span style=""color:#3588F0; font-weight:800; margin-left:4px;"">UP</span><br>",[4]태생 1성,1성 사도들은 사실상 전혀 사용하지 않습니다.<br>육성하지 않길 권고드립니다.,images/타이다.png,후열,활발,1,,물리,FALSE
티그,딜러,~ Lv. 10+,~ Lv. 7+,"피해 계수 <span style=""color:#3588F0; font-weight:800; margin-left:4px;"">UP</span><br>","피해 계수 <span style=""color:#3588F0; font-weight:800; margin-left:4px;"">UP</span><br>",[3]메타 부적합,"고학년 자기 버프(공격 속도 증가, 피해량 증가)를 핵심으로 하는 일반 공격 위주의 딜탱입니다.<br>고학년 레벨을 올려도 버프 계수에는 변화가 없어 고학년 스킬작 추천도는 낮습니다.",images/티그.png,전열,활발,3,,물리,TRUE
티그(영웅),딜러,~ Lv. 10+,~ Lv. 10+,"피해 계수 <span style=""color:#3588F0; font-weight:800; margin-left:4px;"">UP</span><br>본인 최대 체력 증가 (전열) 버프 계수 <span style=""color:#3588F0; font-weight:800; margin-left:4px;"">UP</span><br>고학년 쿨타임 감소 (후열) 버프 계수 <span style=""color:#3588F0; font-weight:800; margin-left:4px;"">UP</span><br>","피해 계수 <span style=""color:#3588F0; font-weight:800; margin-left:4px;"">UP</span><br>",[1]메타픽,"모든 컨텐츠에서 활약 가능한 일반 공격+스킬 하이브리드 딜러입니다. 저학년, 고학년 둘 다 중요하여 10레벨 이상 강화하길 권장합니다. 고학년 발동시 사용 위치에 고정되고, 전방으로 튀어 나갔다가 제자리로 돌아오는 저학년 모션 중 고학년을 사용하면 적들에게 노출될 수 있기에 주의를 요합니다.",images/티그(영웅).png,전체열,광기,3,염원살이,물리,TRUE
파트라,딜러,~ Lv. 7-,~ Lv. 7-,"피해 계수 <span style=""color:#3588F0; font-weight:800; margin-left:4px;"">UP</span><br>","피해 계수 <span style=""color:#3588F0; font-weight:800; margin-left:4px;"">UP</span><br>",[4]태생 1성,1성 사도들은 사실상 전혀 사용하지 않습니다.<br>육성하지 않길 권고드립니다.,images/파트라.png,전열,냉정,1,,물리,FALSE
페스타,서포터,~ Lv. 7+,~ Lv. 7+,"적 소음 상태 이상 지속시간 <span style=""color:#3588F0; font-weight:800; margin-left:4px;"">UP</span><br>  ","본인 받는 피해량 감소 <span style=""color:#3588F0; font-weight:800; margin-left:4px;"">UP</span><br>피해량 증가 <span style=""color:#3588F0; font-weight:800; margin-left:4px;"">UP</span><br>공격 속도 증가 버프 계수 <span style=""color:#3588F0; font-weight:800; margin-left:4px;"">UP</span><br>",[3]메타 부적합,"광격 소음 디버프로 버티며 공격 속도 증가 자기 버프 스택을 쌓는 서포터입니다.<br>2성 사도라서 체급이 낮아 전열인데도 딜,탱 모두 애매한 편입니다.<br>저학년 소음, 고학년 받는 피해량 감소 버프로 어떻게든 딜 흘리며 사용해 볼 수는 있습니다. 다만 어사이드가 필수라 육성 비용이 높아 육성이 비추천되는 사도입니다.<br>굳이 사용한다면 7렙 정도로 타협하시길 추천합니다.",images/페스타.png,전열,우울,2,,물리,TRUE
포셔,서포터,~ Lv. 10+,~ Lv. 10+,"피해 계수 <span style=""color:#3588F0; font-weight:800; margin-left:4px;"">UP</span><br>회복 계수 <span style=""color:#3588F0; font-weight:800; margin-left:4px;"">UP</span><br>","변이 상태 이상 지속시간 <span style=""color:#3588F0; font-weight:800; margin-left:4px;"">UP</span><br>",[2]성격덱,줘팸용 고학년.,images/포셔.png,후열,우울,3,,마법,TRUE
폴랑,서포터,~ Lv. 10+,~ Lv. 10+,"회복 계수 <span style=""color:#3588F0; font-weight:800; margin-left:4px;"">UP</span><br>","파티 최대 체력 계수 <span style=""color:#3588F0; font-weight:800; margin-left:4px;"">UP</span><br>회복 계수 <span style=""color:#3588F0; font-weight:800; margin-left:4px;"">UP</span><br>",[1]메타픽,고학년 우선.,images/폴랑.png,후열,광기,3,,물리,TRUE
프리클,딜러,~ Lv. 10+,~ Lv. 10+,"피해 계수 <span style=""color:#3588F0; font-weight:800; margin-left:4px;"">UP</span><br>","피해 계수 <span style=""color:#3588F0; font-weight:800; margin-left:4px;"">UP</span><br>",[2]성격덱,,images/프리클.png,중열,냉정,3,,마법,TRUE
피라,서포터,~ Lv. 7+,~ Lv. 7+,"피해 계수 <span style=""color:#3588F0; font-weight:800; margin-left:4px;"">UP</span><br>적 받는 피해량 증가 디버프 계수 <span style=""color:#3588F0; font-weight:800; margin-left:4px;"">UP</span><br>","피해 계수 <span style=""color:#3588F0; font-weight:800; margin-left:4px;"">UP</span><br>",[3]메타 부적합,쓰기 어려우므로 과투자 하지 않음.,images/피라.png,후열,광기,3,,물리,TRUE
피코라,서포터,~ Lv. 10+,~ Lv. 10+,"회복 계수 <span style=""color:#3588F0; font-weight:800; margin-left:4px;"">UP</span><br>아군 받는 물리 피해량 감소 계수 <span style=""color:#3588F0; font-weight:800; margin-left:4px;"">UP</span><br>치명타 저항 증가 계수 <span style=""color:#3588F0; font-weight:800; margin-left:4px;"">UP</span><br>받는 회복량 증가 버프 계수 <span style=""color:#3588F0; font-weight:800; margin-left:4px;"">UP</span><br> ","아군 최대 체력 증가 버프 계수 <span style=""color:#3588F0; font-weight:800; margin-left:4px;"">UP</span><br>",[2]성격덱,,images/피코라.png,후열,냉정,3,,마법,TRUE
하이디,딜러,~ Lv. 10+,~ Lv. 10+,"피해 계수 <span style=""color:#3588F0; font-weight:800; margin-left:4px;"">UP</span><br>","적 받는 피해 증가 디버프 계수 <span style=""color:#3588F0; font-weight:800; margin-left:4px;"">UP</span><br>",[2]성격덱,,images/하이디.png,후열,광기,3,,물리,TRUE
헤일리,딜러,~ Lv. 10+,~ Lv. 7+,"피해 계수 <span style=""color:#3588F0; font-weight:800; margin-left:4px;"">UP</span><br>","피해 계수 <span style=""color:#3588F0; font-weight:800; margin-left:4px;"">UP</span><br>",[3]메타 부적합,"쓸 거면 둘 다, 저학년 우선.",images/헤일리.png,중열,순수,3,,물리,TRUE
힐데,서포터,~ Lv. 10+,~ Lv. 7+,"회복 계수 <span style=""color:#3588F0; font-weight:800; margin-left:4px;"">UP</span><br>","피해 계수 <span style=""color:#3588F0; font-weight:800; margin-left:4px;"">UP</span><br>적 물리 피해량 감소 디버프 계수 <span style=""color:#3588F0; font-weight:800; margin-left:4px;"">UP</span><br>아군 공격 속도 증가 버프 계수 <span style=""color:#3588F0; font-weight:800; margin-left:4px;"">UP</span><br>",[3]메타 부적합,저학년 우선.,images/힐데.png,중열,우울,3,,마법,TRUE
